Major,Department,Semester,Start_Year,End_Year,1st_Year,2nd_Year,3rd_Year,4th_Year,5th_Year,Grade_1,Grade_2,Grade_3,Grade_4,Grade_5,Grade_6,Grade_7,Grade_8,Grade_9,Grade_10,Grade_11,Grade_12,TOTAL
BS Criminology,CCJEF,1,2016,2017,,1,12,85,,,,,,,,,,,,,,98
Criminology,CCJEF,1,2016,2017,5,126,91,,,,,,,,,,,,,,,222
TOTAL,CCJEF,1,2016,2017,5,127,103,85,,,,,,,,,,,,,,320
BSBATourism,CHTM,1,2016,2017,,1,,,,,,,,,,,,,,,,1
TOTAL,CHTM,1,2016,2017,,1,,,,,,,,,,,,,,,,1
BSCSSysDev,CICT,1,2016,2017,,,,1,,,,,,,,,,,,,,1
BSITWebdev,CICT,1,2016,2017,1,,,,,,,,,,,,,,,,,1
TOTAL,CICT,1,2016,2017,1,,,1,,,,,,,,,,,,,,2
GS,GS,1,2016,2017,,,,,,79,80,92,94,131,103,,,,,,,579
TOTAL,GS,1,2016,2017,,,,,,79,80,92,94,131,103,,,,,,,579
JHS,JHS,1,2016,2017,,,,,,,,,,,,916,879,819,834,,,3448
TOTAL,JHS,1,2016,2017,,,,,,,,,,,,916,879,819,834,,,3448
MAPEH-BSED,MA,1,2016,2017,,,3,21,,,,,,,,,,,,,,24
TOTAL,MA,1,2016,2017,,,3,21,,,,,,,,,,,,,,24
ABComm,SAS,1,2016,2017,3,123,93,109,,,,,,,,,,,,,,328
AdvPublicRel,SAS,1,2016,2017,,,,1,,,,,,,,,,,,,,1
BSPsychology,SAS,1,2016,2017,1,117,80,107,,,,,,,,,,,,,,305
LanguageLit,SAS,1,2016,2017,,,,1,,,,,,,,,,,,,,1
TOTAL,SAS,1,2016,2017,4,240,173,218,,,,,,,,,,,,,,635
Accountancy,SBA,1,2016,2017,9,751,746,651,97,,,,,,,,,,,,,2254
Accounting,SBA,1,2016,2017,,,,2,,,,,,,,,,,,,,2
Accounting Tech,SBA,1,2016,2017,8,31,45,69,,,,,,,,,,,,,,153
BSBA HRDM,SBA,1,2016,2017,6,20,26,19,,,,,,,,,,,,,,71
BSBA-BM-Marketi,SBA,1,2016,2017,,,1,1,,,,,,,,,,,,,,2
BSBA-MktgMgmt,SBA,1,2016,2017,8,111,94,103,,,,,,,,,,,,,,316
BSBALegal,SBA,1,2016,2017,1,21,23,22,,,,,,,,,,,,,,67
BusMgt,SBA,1,2016,2017,20,341,315,284,,,,,,,,,,,,,,960
TOTAL,SBA,1,2016,2017,52,1275,1250,1151,97,,,,,,,,,,,,,3825
Architecture,SEA,1,2016,2017,5,275,236,197,202,,,,,,,,,,,,,915
BSAeronautical,SEA,1,2016,2017,4,210,171,91,47,,,,,,,,,,,,,432
CE,SEA,1,2016,2017,11,348,306,267,148,,,,,,,,,,,,,1080
Comp. Eng'g.,SEA,1,2016,2017,8,62,57,26,32,,,,,,,,,,,,,185
ECE,SEA,1,2016,2017,,7,1,,,,,,,,,,,,,,,8
EE,SEA,1,2016,2017,,76,72,46,34,,,,,,,,,,,,,228
ELECENG,SEA,1,2016,2017,1,122,110,77,92,,,,,,,,,,,,,402
IE,SEA,1,2016,2017,3,60,56,45,40,,,,,,,,,,,,,204
ME,SEA,1,2016,2017,4,135,184,114,84,,,,,,,,,,,,,521
TOTAL,SEA,1,2016,2017,36,1295,1193,863,679,,,,,,,,,,,,,4066
BEEd,SED,1,2016,2017,1,48,42,41,,,,,,,,,,,,,,132
BEED-MajSPED ,SED,1,2016,2017,,1,,,,,,,,,,,,,,,,1
BEED-SpecialEdu,SED,1,2016,2017,1,21,20,22,,,,,,,,,,,,,,64
Biological,SED,1,2016,2017,2,23,32,19,,,,,,,,,,,,,,76
BPE-SPE,SED,1,2016,2017,,22,32,,,,,,,,,,,,,,,54
BSED-ValEd,SED,1,2016,2017,1,14,12,8,,,,,,,,,,,,,,35
English-BSED,SED,1,2016,2017,3,39,35,36,,,,,,,,,,,,,,113
Fil-BSED,SED,1,2016,2017,,20,27,20,,,,,,,,,,,,,,67
Math,SED,1,2016,2017,3,13,18,14,,,,,,,,,,,,,,48
SocialStud-BSED,SED,1,2016,2017,2,18,16,14,,,,,,,,,,,,,,50
TOTAL,SED,1,2016,2017,13,219,234,174,,,,,,,,,,,,,,640
SHS-ABM,SHS,1,2016,2017,,,,,,,,,,,,,,,,452,,452
SHS-HUMSS,SHS,1,2016,2017,,,,,,,,,,,,,,,,217,,217
SHS-STEM,SHS,1,2016,2017,,,,,,,,,,,,,,,,832,,832
SHS-TVL-HE,SHS,1,2016,2017,,,,,,,,,,,,,,,,176,,176
TOTAL,SHS,1,2016,2017,,,,,,,,,,,,,,,,1677,,1677
BS EventMgmt,SHTM,1,2016,2017,1,11,5,15,,,,,,,,,,,,,,32
BSCulinary,SHTM,1,2016,2017,16,91,88,66,,,,,,,,,,,,,,261
BSHRM,SHTM,1,2016,2017,34,206,130,180,,,,,,,,,,,,,,550
BSTourism,SHTM,1,2016,2017,34,214,187,168,,,,,,,,,,,,,,603
TOTAL,SHTM,1,2016,2017,85,522,410,429,,,,,,,,,,,,,,1446
BS MedTech,SNAMS,1,2016,2017,,78,87,35,,,,,,,,,,,,,,200
BSNursing,SNAMS,1,2016,2017,1,48,18,22,,,,,,,,,,,,,,89
BSRadTech,SNAMS,1,2016,2017,5,30,29,23,,,,,,,,,,,,,,87
TOTAL,SNAMS,1,2016,2017,6,156,134,80,,,,,,,,,,,,,,376
BSCompsci,SOC,1,2016,2017,12,71,51,37,,,,,,,,,,,,,,171
BSITAreaAnimati,SOC,1,2016,2017,18,88,65,75,,,,,,,,,,,,,,246
BSITAreaNetAdmi,SOC,1,2016,2017,26,177,124,94,,,,,,,,,,,,,,421
BSITAreaWebDev,SOC,1,2016,2017,20,120,86,75,,,,,,,,,,,,,,301
TOTAL,SOC,1,2016,2017,76,456,326,281,,,,,,,,,,,,,,1139
GRAND TOTAL,HAU,1,2016,2017,278,4291,3826,3303,776,79,80,92,94,131,103,916,879,819,834,1677,0,18178
BS Criminology,CCJEF,2,2016,2017,,,10,87,,,,,,,,,,,,,,97
Criminology,CCJEF,2,2016,2017,,112,95,1,,,,,,,,,,,,,,208
TOTAL,CCJEF,2,2016,2017,,112,105,88,,,,,,,,,,,,,,305
BSBATourism,CHTM,2,2016,2017,1,,,,,,,,,,,,,,,,,1
TOTAL,CHTM,2,2016,2017,1,,,,,,,,,,,,,,,,,1
BSITAnimation,CICT,2,2016,2017,1,,,,,,,,,,,,,,,,,1
BSITWebdev,CICT,2,2016,2017,,1,,,,,,,,,,,,,,,,1
TOTAL,CICT,2,2016,2017,1,1,,,,,,,,,,,,,,,,2
MAPEH-BSED,MA,2,2016,2017,1,,,23,,,,,,,,,,,,,,24
TOTAL,MA,2,2016,2017,1,,,23,,,,,,,,,,,,,,24
ABComm,SAS,2,2016,2017,2,92,105,108,,,,,,,,,,,,,,307
BSPsychology,SAS,2,2016,2017,,108,82,110,,,,,,,,,,,,,,300
CommArts,SAS,2,2016,2017,,,,1,,,,,,,,,,,,,,1
LanguageLit,SAS,2,2016,2017,,,,1,,,,,,,,,,,,,,1
TOTAL,SAS,2,2016,2017,2,200,187,220,,,,,,,,,,,,,,609
Accountancy,SBA,2,2016,2017,1,745,733,40,96,,,,,,,,,,,,,1615
Accounting,SBA,2,2016,2017,,,,2,,,,,,,,,,,,,,2
Accounting Tech,SBA,2,2016,2017,,31,47,680,,,,,,,,,,,,,,758
BSBA HRDM,SBA,2,2016,2017,3,19,24,19,,,,,,,,,,,,,,65
BSBA-BM-Marketi,SBA,2,2016,2017,,,1,,,,,,,,,,,,,,,1
BSBA-MktgMgmt,SBA,2,2016,2017,1,97,96,87,,,,,,,,,,,,,,281
BSBALegal,SBA,2,2016,2017,,17,23,20,,,,,,,,,,,,,,60
BusMgt,SBA,2,2016,2017,6,334,316,254,,,,,,,,,,,,,,910
TOTAL,SBA,2,2016,2017,11,1243,1240,1102,96,,,,,,,,,,,,,3692
Architecture,SEA,2,2016,2017,3,256,220,208,199,,,,,,,,,,,,,886
BSAeronautical,SEA,2,2016,2017,5,203,156,101,57,,,,,,,,,,,,,522
CE,SEA,2,2016,2017,11,326,298,239,176,,,,,,,,,,,,,1050
Comp. Eng'g.,SEA,2,2016,2017,1,62,49,31,31,,,,,,,,,,,,,174
ECE,SEA,2,2016,2017,,8,1,,,,,,,,,,,,,,,9
EE,SEA,2,2016,2017,1,72,72,42,35,,,,,,,,,,,,,222
ELECENG,SEA,2,2016,2017,,113,96,82,96,,,,,,,,,,,,,387
IE,SEA,2,2016,2017,1,57,50,41,42,,,,,,,,,,,,,191
ME,SEA,2,2016,2017,2,136,185,115,86,,,,,,,,,,,,,524
TOTAL,SEA,2,2016,2017,24,1233,1127,859,722,,,,,,,,,,,,,3965
BEEd,SED,2,2016,2017,2,41,47,38,,,,,,,,,,,,,,128
BEED-MajSPED ,SED,2,2016,2017,,1,,,,,,,,,,,,,,,,1
BEED-SpecialEdu,SED,2,2016,2017,,23,20,20,,,,,,,,,,,,,,63
Biological,SED,2,2016,2017,2,21,32,17,,,,,,,,,,,,,,72
BPE-SPE,SED,2,2016,2017,,17,38,,,,,,,,,,,,,,,55
BSED-ValEd,SED,2,2016,2017,,10,12,9,,,,,,,,,,,,,,31
English-BSED,SED,2,2016,2017,2,36,35,37,,,,,,,,,,,,,,110
Fil-BSED,SED,2,2016,2017,1,17,25,21,,,,,,,,,,,,,,64
Math,SED,2,2016,2017,1,10,20,14,,,,,,,,,,,,,,45
SocialStud-BSED,SED,2,2016,2017,4,17,14,12,,,,,,,,,,,,,,47
TOTAL,SED,2,2016,2017,12,193,243,168,,,,,,,,,,,,,,616
SHS-ABM,SHS,2,2016,2017,,,,,,,,,,,,,,,,447,,447
SHS-HUMSS,SHS,2,2016,2017,,,,,,,,,,,,,,,,217,,217
SHS-STEM,SHS,2,2016,2017,,,,,,,,,,,,,,,,808,,808
SHS-TVL-HE,SHS,2,2016,2017,,,,,,,,,,,,,,,,174,,174
TOTAL,SHS,2,2016,2017,,,,,,,,,,,,,,,,1646,,1646
BS EventMgmt,SHTM,2,2016,2017,,8,6,15,,,,,,,,,,,,,,29
BSBA-HRM,SHTM,2,2016,2017,,,,1,,,,,,,,,,,,,,1
BSCulinary,SHTM,2,2016,2017,20,80,79,68,,,,,,,,,,,,,,247
BSHRM,SHTM,2,2016,2017,19,183,133,153,,,,,,,,,,,,,,488
BSTM-Travel,SHTM,2,2016,2017,1,1,,,,,,,,,,,,,,,,2
BSTourism,SHTM,2,2016,2017,25,201,181,151,,,,,,,,,,,,,,558
TOTAL,SHTM,2,2016,2017,65,473,399,388,,,,,,,,,,,,,,1325
BS MedTech,SNAMS,2,2016,2017,,69,77,31,,,,,,,,,,,,,,177
BSNursing,SNAMS,2,2016,2017,,43,17,22,,,,,,,,,,,,,,82
BSRadTech,SNAMS,2,2016,2017,,30,27,23,,,,,,,,,,,,,,80
TOTAL,SNAMS,2,2016,2017,,142,121,76,,,,,,,,,,,,,,339
BSCompsci,SOC,2,2016,2017,3,62,53,29,,,,,,,,,,,,,,147
BSITAreaAnimati,SOC,2,2016,2017,5,88,66,70,,,,,,,,,,,,,,229
BSITAreaNetAdmi,SOC,2,2016,2017,7,164,141,87,,,,,,,,,,,,,,399
BSITAreaWebDev,SOC,2,2016,2017,10,117,82,78,,,,,,,,,,,,,,287
TOTAL,SOC,2,2016,2017,25,431,342,264,,,,,,,,,,,,,,1062
GRAND TOTAL,HAU,2,2016,2017,142,4028,3764,3188,818,,,,,,,,,,,1646,,13586
BS Criminology,CCJEF,1,2017,2018,,,3,20,,,,,,,,,,,,,,23
Criminology,CCJEF,1,2017,2018,,6,109,79,,,,,,,,,,,,,,194
TOTAL,CCJEF,1,2017,2018,,6,112,99,,,,,,,,,,,,,,217
BSITAnimation,CICT,1,2017,2018,1,,,,,,,,,,,,,,,,,1
BSITNetAdmin,CICT,1,2017,2018,,,1,1,,,,,,,,,,,,,,2
BSITWebdev,CICT,1,2017,2018,,1,,,,,,,,,,,,,,,,1
TOTAL,CICT,1,2017,2018,1,1,1,1,,,,,,,,,,,,,,4
GS,GS,1,2017,2018,,,,,,67,78,74,90,92,131,,,,,,,532
TOTAL,GS,1,2017,2018,,,,,,67,78,74,90,92,131,,,,,,,532
JHS,JHS,1,2017,2018,,,,,,,,,,,,933,906,886,846,,,3571
TOTAL,JHS,1,2017,2018,,,,,,,,,,,,933,906,886,846,,,3571
MAPEH-BSED,MA,1,2017,2018,,,,4,,,,,,,,,,,,,,4
MSEngMgmt,MA,1,2017,2018,1,,,,,,,,,,,,,,,,,1
TOTAL,MA,1,2017,2018,1,,,4,,,,,,,,,,,,,,5
ABComm,SAS,1,2017,2018,2,3,107,91,,,,,,,,,,,,,,203
BSPsychology,SAS,1,2017,2018,,,121,72,,,,,,,,,,,,,,193
TOTAL,SAS,1,2017,2018,2,3,228,163,,,,,,,,,,,,,,0
Accountancy,SBA,1,2017,2018,,20,735,733,128,,,,,,,,,,,,,1616
Accounting,SBA,1,2017,2018,,,,1,,,,,,,,,,,,,,1
Accounting Tech,SBA,1,2017,2018,2,5,35,76,,,,,,,,,,,,,,118
BSBA HRDM,SBA,1,2017,2018,,5,22,30,,,,,,,,,,,,,,57
BSBA-BM-Marketi,SBA,1,2017,2018,,,1,1,,,,,,,,,,,,,,2
BSBA-MktgMgmt,SBA,1,2017,2018,1,17,93,102,,,,,,,,,,,,,,213
BSBALegal,SBA,1,2017,2018,,,21,26,,,,,,,,,,,,,,47
BusMgt,SBA,1,2017,2018,4,33,321,313,,,,,,,,,,,,,,671
BussMgmt-HRM,SBA,1,2017,2018,,,1,,,,,,,,,,,,,,,1
TOTAL,SBA,1,2017,2018,7,80,1229,1282,128,,,,,,,,,,,,,2726
Architecture,SEA,1,2017,2018,3,12,264,217,227,,,,,,,,,,,,,723
BSAeronautical,SEA,1,2017,2018,,15,213,133,86,,,,,,,,,,,,,447
CE,SEA,1,2017,2018,1,19,339,303,201,,,,,,,,,,,,,863
Comp. Eng'g.,SEA,1,2017,2018,1,8,54,42,33,,,,,,,,,,,,,138
ECE,SEA,1,2017,2018,,,10,1,,,,,,,,,,,,,,11
ECETech.,SEA,1,2017,2018,,,1,,,,,,,,,,,,,,,1
EE,SEA,1,2017,2018,1,5,91,53,50,,,,,,,,,,,,,200
ELECENG,SEA,1,2017,2018,,3,107,86,88,,,,,,,,,,,,,284
IE,SEA,1,2017,2018,1,2,67,55,55,,,,,,,,,,,,,180
ME,SEA,1,2017,2018,,14,195,167,106,,,,,,,,,,,,,482
TOTAL,SEA,1,2017,2018,7,78,1341,1057,846,,,,,,,,,,,,,3329
BEEd,SED,1,2017,2018,,1,46,45,,,,,,,,,,,,,,92
BEED-MajSPED ,SED,1,2017,2018,,,1,,,,,,,,,,,,,,,1
BEED-SpecialEdu,SED,1,2017,2018,,,22,20,,,,,,,,,,,,,,42
Biological,SED,1,2017,2018,,,26,27,,,,,,,,,,,,,,53
BPE-SPE,SED,1,2017,2018,,,24,29,,,,,,,,,,,,,,53
BPEd,SED,1,2017,2018,,,1,,,,,,,,,,,,,,,1
BSED-ValEd,SED,1,2017,2018,,,13,10,,,,,,,,,,,,,,23
BSMath,SED,1,2017,2018,1,,,,,,,,,,,,,,,,,1
English-BSED,SED,1,2017,2018,,,35,34,,,,,,,,,,,,,,69
Fil-BSED,SED,1,2017,2018,,,17,22,,,,,,,,,,,,,,39
Math,SED,1,2017,2018,1,,15,15,,,,,,,,,,,,,,31
SocialStud-BSED,SED,1,2017,2018,,1,18,15,,,,,,,,,,,,,,34
TOTAL,SED,1,2017,2018,2,2,218,217,,,,,,,,,,,,,,439
SHS-ABM,SHS,1,2017,2018,,,,,,,,,,,,,,,,348,441,789
SHS-GenAcad,SHS,1,2017,2018,,,,,,,,,,,,,,,,349,,349
SHS-HUMSS,SHS,1,2017,2018,,,,,,,,,,,,,,,,157,213,370
SHS-STEM,SHS,1,2017,2018,,,,,,,,,,,,,,,,686,789,1475
SHS-TVL-HE,SHS,1,2017,2018,,,,,,,,,,,,,,,,183,180,363
TOTAL,SHS,1,2017,2018,,,,,,,,,,,,,,,,1723,1623,3346
BS EventMgmt,SHTM,1,2017,2018,1,1,9,11,,,,,,,,,,,,,,22
BSBA-HRM,SHTM,1,2017,2018,,2,,1,,,,,,,,,,,,,,3
BSCulinary,SHTM,1,2017,2018,8,16,78,81,,,,,,,,,,,,,,183
BSHRM,SHTM,1,2017,2018,20,62,161,163,,,,,,,,,,,,,,406
BSTourism,SHTM,1,2017,2018,5,38,194,178,,,,,,,,,,,,,,415
TOTAL,SHTM,1,2017,2018,34,119,442,434,,,,,,,,,,,,,,1029
BS MedTech,SNAMS,1,2017,2018,,,75,55,,,,,,,,,,,,,,130
BSNursing,SNAMS,1,2017,2018,,,36,18,,,,,,,,,,,,,,54
BSRadTech,SNAMS,1,2017,2018,,1,24,24,,,,,,,,,,,,,,49
TOTAL,SNAMS,1,2017,2018,,1,135,97,,,,,,,,,,,,,,233
BSCompsci,SOC,1,2017,2018,1,13,54,50,,,,,,,,,,,,,,118
BSITAreaAnimati,SOC,1,2017,2018,2,16,86,48,,,,,,,,,,,,,,152
BSITAreaNetAdmi,SOC,1,2017,2018,3,38,168,100,,,,,,,,,,,,,,309
BSITAreaWebDev,SOC,1,2017,2018,1,22,113,74,,,,,,,,,,,,,,210
TOTAL,SOC,1,2017,2018,7,89,421,272,,,,,,,,,,,,,,789
GRAND TOTAL,HAU,1,2017,2018,61,379,4127,3626,974,67,78,74,90,92,131,933,906,886,846,1723,1623,16616
BS Criminology,CCJEF,2,2017,2018,,,1,7,,,,,,,,,,,,,,8
Criminology,CCJEF,2,2017,2018,,1,108,84,,,,,,,,,,,,,,193
TOTAL,CCJEF,2,2017,2018,,1,109,91,,,,,,,,,,,,,,201
BSITNetAdmin,CICT,2,2017,2018,,1,1,,,,,,,,,,,,,,,2
BSITWebdev,CICT,2,2017,2018,,1,,,,,,,,,,,,,,,,1
TOTAL,CICT,2,2017,2018,,2,1,,,,,,,,,,,,,,,3
MAPEH-BSED,MA,2,2017,2018,,,,1,,,,,,,,,,,,,,1
MBM,MA,2,2017,2018,1,,,,,,,,,,,,,,,,,1
TOTAL,MA,2,2017,2018,1,,,1,,,,,,,,,,,,,,2
ABComm,SAS,2,2017,2018,2,,98,89,,,,,,,,,,,,,,189
BA Comm,SAS,2,2017,2018,,,1,,,,,,,,,,,,,,,1
BSPsychology,SAS,2,2017,2018,1,,116,74,,,,,,,,,,,,,,191
LanguageLit,SAS,2,2017,2018,,,,1,,,,,,,,,,,,,,1
TOTAL,SAS,2,2017,2018,3,,215,164,,,,,,,,,,,,,,382
Accountancy,SBA,2,2017,2018,,1,743,168,129,,,,,,,,,,,,,1041
Accounting Tech,SBA,2,2017,2018,2,,40,633,,,,,,,,,,,,,,675
BSBA HRDM,SBA,2,2017,2018,,3,21,24,,,,,,,,,,,,,,48
BSBA-BM-Marketi,SBA,2,2017,2018,,,,1,,,,,,,,,,,,,,1
BSBA-MktgMgmt,SBA,2,2017,2018,,4,98,96,,,,,,,,,,,,,,198
BSBALegal,SBA,2,2017,2018,1,,19,24,,,,,,,,,,,,,,44
BusMgt,SBA,2,2017,2018,1,5,316,302,,,,,,,,,,,,,,624
BussMgmt-HRM,SBA,2,2017,2018,,,1,,,,,,,,,,,,,,,1
TOTAL,SBA,2,2017,2018,4,13,1238,1248,129,,,,,,,,,,,,,2632
Architecture,SEA,2,2017,2018,2,12,238,226,231,,,,,,,,,,,,,709
BSAeronautical,SEA,2,2017,2018,3,6,204,132,94,,,,,,,,,,,,,439
CE,SEA,2,2017,2018,7,12,322,290,210,,,,,,,,,,,,,841
Comp. Eng'g.,SEA,2,2017,2018,1,5,50,42,28,,,,,,,,,,,,,126
ECE,SEA,2,2017,2018,,,9,1,,,,,,,,,,,,,,10
ECETech.,SEA,2,2017,2018,,,1,,,,,,,,,,,,,,,1
EE,SEA,2,2017,2018,1,5,88,49,45,,,,,,,,,,,,,188
ELECENG,SEA,2,2017,2018,2,2,92,82,85,,,,,,,,,,,,,263
IE,SEA,2,2017,2018,1,1,71,54,45,,,,,,,,,,,,,172
ME,SEA,2,2017,2018,5,10,199,162,110,,,,,,,,,,,,,486
TOTAL,SEA,2,2017,2018,22,53,1274,1038,848,,,,,,,,,,,,,3235
BEEd,SED,2,2017,2018,,,43,40,,,,,,,,,,,,,,83
BEED-MajSPED ,SED,2,2017,2018,,,1,,,,,,,,,,,,,,,1
BEED-SpecialEdu,SED,2,2017,2018,,,22,20,,,,,,,,,,,,,,42
Biological,SED,2,2017,2018,,,23,30,,,,,,,,,,,,,,53
BPE-SPE,SED,2,2017,2018,,,22,31,,,,,,,,,,,,,,53
BSED-ValEd,SED,2,2017,2018,,,11,12,,,,,,,,,,,,,,23
English-BSED,SED,2,2017,2018,,1,32,33,,,,,,,,,,,,,,66
Fil-BSED,SED,2,2017,2018,,,13,25,,,,,,,,,,,,,,38
Math,SED,2,2017,2018,1,,11,19,,,,,,,,,,,,,,31
SocialStud-BSED,SED,2,2017,2018,,,19,15,,,,,,,,,,,,,,34
TOTAL,SED,2,2017,2018,1,1,197,225,,,,,,,,,,,,,,424
SHS-ABM,SHS,2,2017,2018,,,,,,,,,,,,,,,,345,439,784
SHS-GenAcad,SHS,2,2017,2018,,,,,,,,,,,,,,,,333,,333
SHS-HUMSS,SHS,2,2017,2018,,,,,,,,,,,,,,,,153,214,367
SHS-STEM,SHS,2,2017,2018,,,,,,,,,,,,,,,,681,785,1466
SHS-TVL-HE,SHS,2,2017,2018,,,,,,,,,,,,,,,,175,178,353
TOTAL,SHS,2,2017,2018,,,,,,,,,,,,,,,,1687,1616,3303
BS EventMgmt,SHTM,2,2017,2018,2,2,6,7,,,,,,,,,,,,,,17
BSBA-HRM,SHTM,2,2017,2018,,2,,,,,,,,,,,,,,,,2
BSCulinary,SHTM,2,2017,2018,6,14,75,79,,,,,,,,,,,,,,174
BSHRM,SHTM,2,2017,2018,11,59,163,129,,,,,,,,,,,,,,362
BSTourism,SHTM,2,2017,2018,1,35,174,156,,,,,,,,,,,,,,366
TOTAL,SHTM,2,2017,2018,20,112,418,371,,,,,,,,,,,,,,921
BS MedTech,SNAMS,2,2017,2018,,,61,49,,,,,,,,,,,,,,110
BSNursing,SNAMS,2,2017,2018,,,37,18,,,,,,,,,,,,,,55
BSRadTech,SNAMS,2,2017,2018,,,25,20,,,,,,,,,,,,,,45
TOTAL,SNAMS,2,2017,2018,,,123,87,,,,,,,,,,,,,,210
BSCompsci,SOC,2,2017,2018,,9,50,46,,,,,,,,,,,,,,105
BSEMC-DA,SOC,2,2017,2018,,1,,,,,,,,,,,,,,,,1
BSITAreaAnimati,SOC,2,2017,2018,2,7,75,60,,,,,,,,,,,,,,144
BSITAreaNetAdmi,SOC,2,2017,2018,1,23,166,101,,,,,,,,,,,,,,291
BSITAreaWebDev,SOC,2,2017,2018,,9,107,79,,,,,,,,,,,,,,195
TOTAL,SOC,2,2017,2018,3,49,398,286,,,,,,,,,,,,,,736
GRAND TOTAL,HAU,2,2017,2018,54,231,3973,3511,977,,,,,,,,,,,1687,1616,12049
BS Criminology,CCJEF,1,2018,2019,,,,3,,,,,,,,,,,,,,3
Criminology,CCJEF,1,2018,2019,75,,2,109,,,,,,,,,,,,,,186
TOTAL,CCJEF,1,2018,2019,75,,2,112,,,,,,,,,,,,,,189
GS,GS,1,2018,2019,,,,,,73,80,80,73,86,90,,,,,,,482
TOTAL,GS,1,2018,2019,,,,,,73,80,80,73,86,90,,,,,,,482
JHS,JHS,1,2018,2019,,,,,,,,,,,,928,912,908,915,1,,3664
TOTAL,JHS,1,2018,2019,,,,,,,,,,,,928,912,908,915,1,,3664
MAPEH-BSED,MA,1,2018,2019,,,,1,,,,,,,,,,,,,,1
TOTAL,MA,1,2018,2019,,,,1,,,,,,,,,,,,,,1
ABComm,SAS,1,2018,2019,1,,1,108,,,,,,,,,,,,,,110
BA Comm,SAS,1,2018,2019,117,,,,,,,,,,,,,,,,,117
BSPsychology,SAS,1,2018,2019,127,,1,122,,,,,,,,,,,,,,250
TOTAL,SAS,1,2018,2019,245,,2,230,,,,,,,,,,,,,,477
Accountancy,SBA,1,2018,2019,761,,17,736,124,,,,,,,,,,,,,1638
Accounting,SBA,1,2018,2019,,,,1,,,,,,,,,,,,,,1
Accounting Tech,SBA,1,2018,2019,,,5,73,1,,,,,,,,,,,,,79
BSAcctgInfoSys,SBA,1,2018,2019,1,,,1,,,,,,,,,,,,,,2
BSBA HRDM,SBA,1,2018,2019,1,2,2,25,,,,,,,,,,,,,,30
BSBA-FinMgmt,SBA,1,2018,2019,11,,,,,,,,,,,,,,,,,11
BSBA-HRMgmt,SBA,1,2018,2019,16,,,,,,,,,,,,,,,,,16
BSBA-MktgMgmt,SBA,1,2018,2019,89,1,10,112,,,,,,,,,,,,,,212
BSBALegal,SBA,1,2018,2019,3,,,21,,,,,,,,,,,,,,24
BusMgt,SBA,1,2018,2019,171,1,37,335,1,,,,,,,,,,,,,545
BussMgmt-HRM,SBA,1,2018,2019,,,,1,,,,,,,,,,,,,,1
TOTAL,SBA,1,2018,2019,1053,4,71,1305,126,,,,,,,,,,,,,2559
Architecture,SEA,1,2018,2019,255,1,26,236,252,,,,,,,,,,,,,770
BSAeronautical,SEA,1,2018,2019,451,1,28,190,132,,,,,,,,,,,,,802
CE,SEA,1,2018,2019,386,1,47,304,278,,,,,,,,,,,,,1016
Comp. Eng'g.,SEA,1,2018,2019,59,,16,45,38,,,,,,,,,,,,,158
ECE,SEA,1,2018,2019,,,,7,1,,,,,,,,,,,,,8
ECETech.,SEA,1,2018,2019,,,,1,,,,,,,,,,,,,,1
EE,SEA,1,2018,2019,61,,11,84,55,,,,,,,,,,,,,211
ELECENG,SEA,1,2018,2019,60,1,18,82,81,,,,,,,,,,,,,242
IE,SEA,1,2018,2019,44,,8,65,67,,,,,,,,,,,,,184
ME,SEA,1,2018,2019,137,1,24,202,155,,,,,,,,,,,,,519
TOTAL,SEA,1,2018,2019,1453,5,178,1216,1059,,,,,,,,,,,,,3911
BEEd,SED,1,2018,2019,17,,3,49,,,,,,,,,,,,,,69
BEED-MajSPED ,SED,1,2018,2019,,,,1,,,,,,,,,,,,,,1
BEED-SpecialEdu,SED,1,2018,2019,8,,1,22,,,,,,,,,,,,,,31
Biological,SED,1,2018,2019,6,,,29,,,,,,,,,,,,,,35
BPE-SPE,SED,1,2018,2019,,,,25,,,,,,,,,,,,,,25
BPEd,SED,1,2018,2019,18,,,,,,,,,,,,,,,,,18
BSED-ValEd,SED,1,2018,2019,13,,,14,,,,,,,,,,,,,,27
BSNEd,SED,1,2018,2019,3,,,,,,,,,,,,,,,,,3
English-BSED,SED,1,2018,2019,49,,,39,,,,,,,,,,,,,,88
Fil-BSED,SED,1,2018,2019,10,,,16,,,,,,,,,,,,,,26
Math,SED,1,2018,2019,10,,,18,,,,,,,,,,,,,,28
SocialStud-BSED,SED,1,2018,2019,14,,2,22,,,,,,,,,,,,,,38
TOTAL,SED,1,2018,2019,148,,6,235,,,,,,,,,,,,,,389
SHS-ABM,SHS,1,2018,2019,,,,,,,,,,,,,,,,280,364,644
SHS-GenAcad,SHS,1,2018,2019,,,,,,,,,,,,,,,,123,294,417
SHS-HUMSS,SHS,1,2018,2019,,,,,,,,,,,,,,,,140,170,310
SHS-STEM,SHS,1,2018,2019,,,,,,,,,,,,,,,,707,677,1384
SHS-TVL-HE,SHS,1,2018,2019,,,,,,,,,,,,,,,,194,186,380
TOTAL,SHS,1,2018,2019,,,,,,,,,,,,,,,,1444,1691,3135
BS EventMgmt,SHTM,1,2018,2019,9,2,1,10,,,,,,,,,,,,,,22
BSBA-HRM,SHTM,1,2018,2019,,1,,1,,,,,,,,,,,,,,2
BSCulinary,SHTM,1,2018,2019,35,16,13,84,,,,,,,,,,,,,,148
BSHM-Accomm,SHTM,1,2018,2019,2,,,,,,,,,,,,,,,,,2
BSHM-Culinary,SHTM,1,2018,2019,2,,1,,,,,,,,,,,,,,,3
BSHM-RestFood,SHTM,1,2018,2019,2,1,,,,,,,,,,,,,,,,3
BSHRM,SHTM,1,2018,2019,83,40,48,178,,,,,,,,,,,,,,349
BSTM-Tourism,SHTM,1,2018,2019,2,,,,,,,,,,,,,,,,,2
BSTourism,SHTM,1,2018,2019,130,13,37,177,,,,,,,,,,,,,,357
TOTAL,SHTM,1,2018,2019,265,73,100,450,,,,,,,,,,,,,,888
BS MedTech,SNAMS,1,2018,2019,42,,3,60,,,,,,,,,,,,,,105
BSNursing,SNAMS,1,2018,2019,47,,,37,,,,,,,,,,,,,,84
BSRadTech,SNAMS,1,2018,2019,16,,,24,,,,,,,,,,,,,,40
TOTAL,SNAMS,1,2018,2019,105,,3,121,,,,,,,,,,,,,,229
BSCompsci,SOC,1,2018,2019,59,4,3,54,,,,,,,,,,,,,,120
BSEMC-DA,SOC,1,2018,2019,63,,,,,,,,,,,,,,,,,63
BSITAreaAnimati,SOC,1,2018,2019,,1,24,71,,,,,,,,,,,,,,96
BSITAreaNetAdmi,SOC,1,2018,2019,53,16,46,150,,,,,,,,,,,,,,265
BSITAreaWebDev,SOC,1,2018,2019,69,5,21,105,,,,,,,,,,,,,,200
BSITMultiTec,SOC,1,2018,2019,,,,1,,,,,,,,,,,,,,1
TOTAL,SOC,1,2018,2019,244,26,94,381,,,,,,,,,,,,,,745
GRAND TOTAL,HAU,1,2018,2019,3588,108,456,4051,1185,73,80,80,73,86,90,928,912,908,915,1445,1691,16669
BForensicSci,CCJEF,2,2018,2019,3,,,,,,,,,,,,,,,,,3
Criminology,CCJEF,2,2018,2019,77,,,104,,,,,,,,,,,,,,181
TOTAL,CCJEF,2,2018,2019,80,,,104,,,,,,,,,,,,,,184
ABComm,SAS,2,2018,2019,4,,,88,,,,,,,,,,,,,,92
BA Comm,SAS,2,2018,2019,110,,,3,,,,,,,,,,,,,,113
BSPsychology,SAS,2,2018,2019,117,,,118,,,,,,,,,,,,,,235
TOTAL,SAS,2,2018,2019,231,,,209,,,,,,,,,,,,,,440
Accountancy,SBA,2,2018,2019,695,,,174,124,,,,,,,,,,,,,993
Accounting Tech,SBA,2,2018,2019,,,,622,,,,,,,,,,,,,,622
BSAcctgInfoSys,SBA,2,2018,2019,1,,,,,,,,,,,,,,,,,1
BSBA HRDM,SBA,2,2018,2019,,,,24,,,,,,,,,,,,,,24
BSBA-FinMgmt,SBA,2,2018,2019,13,,,,,,,,,,,,,,,,,13
BSBA-HRMgmt,SBA,2,2018,2019,20,,,,,,,,,,,,,,,,,20
BSBA-MktgMgmt,SBA,2,2018,2019,81,,4,94,,,,,,,,,,,,,,179
BSBALegal,SBA,2,2018,2019,,,,17,,,,,,,,,,,,,,17
BusMgt,SBA,2,2018,2019,180,,13,315,,,,,,,,,,,,,,508
TOTAL,SBA,2,2018,2019,990,,17,1246,124,,,,,,,,,,,,,2377
Architecture,SEA,2,2018,2019,236,1,6,227,275,,,,,,,,,,,,,745
BSAeronautical,SEA,2,2018,2019,411,,8,193,143,,,,,,,,,,,,,755
CE,SEA,2,2018,2019,379,1,16,304,278,,,,,,,,,,,,,978
Comp. Eng'g.,SEA,2,2018,2019,54,,6,46,40,,,,,,,,,,,,,146
EE,SEA,2,2018,2019,52,,6,85,53,,,,,,,,,,,,,196
ELECENG,SEA,2,2018,2019,53,,5,95,80,,,,,,,,,,,,,233
IE,SEA,2,2018,2019,35,,,71,53,,,,,,,,,,,,,159
ME,SEA,2,2018,2019,116,,16,205,144,,,,,,,,,,,,,481
TOTAL,SEA,2,2018,2019,1336,2,63,1226,1066,,,,,,,,,,,,,3693
BEEd,SED,2,2018,2019,14,,,47,,,,,,,,,,,,,,61
BEED-MajSPED ,SED,2,2018,2019,,,,1,,,,,,,,,,,,,,1
BEED-SpecialEdu,SED,2,2018,2019,,,,23,,,,,,,,,,,,,,23
Biological,SED,2,2018,2019,,,,29,,,,,,,,,,,,,,29
BPE-SPE,SED,2,2018,2019,,,,25,,,,,,,,,,,,,,25
BPEd,SED,2,2018,2019,14,,,,,,,,,,,,,,,,,14
BSED-ValEd,SED,2,2018,2019,17,,,13,,,,,,,,,,,,,,30
BSNEd,SED,2,2018,2019,12,,,,,,,,,,,,,,,,,12
English-BSED,SED,2,2018,2019,30,,,34,,,,,,,,,,,,,,64
Fil-BSED,SED,2,2018,2019,13,,,18,,,,,,,,,,,,,,31
Math,SED,2,2018,2019,13,,,17,,,,,,,,,,,,,,30
Science-BSED,SED,2,2018,2019,8,,,,,,,,,,,,,,,,,8
SocialStud-BSED,SED,2,2018,2019,16,,,22,,,,,,,,,,,,,,38
TOTAL,SED,2,2018,2019,137,,,229,,,,,,,,,,,,,,366
SHS-ABM,SHS,2,2018,2019,,,,,,,,,,,,,,,,279,366,645
SHS-GenAcad,SHS,2,2018,2019,,,,,,,,,,,,,,,,125,291,416
SHS-HUMSS,SHS,2,2018,2019,,,,,,,,,,,,,,,,140,168,308
SHS-STEM,SHS,2,2018,2019,,,,,,,,,,,,,,,,694,676,1370
SHS-TVL-HE,SHS,2,2018,2019,,,,,,,,,,,,,,,,188,183,371
TOTAL,SHS,2,2018,2019,,,,,,,,,,,,,,,,1426,1684,3110
BS EventMgmt,SHTM,2,2018,2019,9,1,,7,,,,,,,,,,,,,,17
BSCulinary,SHTM,2,2018,2019,31,7,17,70,,,,,,,,,,,,,,125
BSHM-Accomm,SHTM,2,2018,2019,2,,,,,,,,,,,,,,,,,2
BSHM-Culinary,SHTM,2,2018,2019,6,,1,,,,,,,,,,,,,,,7
BSHM-RestFood,SHTM,2,2018,2019,1,,,,,,,,,,,,,,,,,1
BSHRM,SHTM,2,2018,2019,70,30,59,137,,,,,,,,,,,,,,296
BSTM-DestMgmt,SHTM,2,2018,2019,21,,,,,,,,,,,,,,,,,21
BSTM-Events,SHTM,2,2018,2019,1,,,,,,,,,,,,,,,,,1
BSTM-Travel,SHTM,2,2018,2019,4,,,,,,,,,,,,,,,,,4
BSTourism,SHTM,2,2018,2019,102,5,41,142,,,,,,,,,,,,,,290
TOTAL,SHTM,2,2018,2019,247,43,118,356,,,,,,,,,,,,,,764
BS MedTech,SNAMS,2,2018,2019,35,,1,61,,,,,,,,,,,,,,97
BSNursing,SNAMS,2,2018,2019,47,,,34,,,,,,,,,,,,,,81
BSRadTech,SNAMS,2,2018,2019,14,,,25,,,,,,,,,,,,,,39
TOTAL,SNAMS,2,2018,2019,96,,1,120,,,,,,,,,,,,,,217
BSCompsci,SOC,2,2018,2019,63,2,3,47,,,,,,,,,,,,,,115
BSEMC-DA,SOC,2,2018,2019,63,,,,,,,,,,,,,,,,,63
BSITAreaAnimati,SOC,2,2018,2019,,,4,77,,,,,,,,,,,,,,81
BSITAreaNetAdmi,SOC,2,2018,2019,30,7,15,172,,,,,,,,,,,,,,224
BSITAreaWebDev,SOC,2,2018,2019,82,2,2,116,,,,,,,,,,,,,,202
BSITMultiTec,SOC,2,2018,2019,,,,1,,,,,,,,,,,,,,1
TOTAL,SOC,2,2018,2019,238,11,24,413,,,,,,,,,,,,,,686
GRAND TOTAL,HAU,2,2018,2019,3355,56,223,3903,1190,,,,,,,,,,,1426,1684,11837
BForensicSci,CCJEF,1,2019,2020,47,2,,,,,,,,,,,,,,,,49
Criminology,CCJEF,1,2019,2020,83,72,1,19,,,,,,,,,,,,,,175
TOTAL,CCJEF,1,2019,2020,130,74,1,19,,,,,,,,,,,,,,224
GS,GS,1,2019,2020,,,,,,71,78,83,81,83,88,,,,,,,484
TOTAL,GS,1,2019,2020,,,,,,71,78,83,81,83,88,,,,,,,484
JHS,JHS,1,2019,2020,,,,,,,,,,,,835,899,906,905,,,3545
TOTAL,JHS,1,2019,2020,,,,,,,,,,,,835,899,906,905,,,3545
ABComm,SAS,1,2019,2020,,,,8,,,,,,,,,,,,,,8
BA Comm,SAS,1,2019,2020,122,111,,,,,,,,,,,,,,,,233
BSPsychology,SAS,1,2019,2020,168,116,,3,,,,,,,,,,,,,,287
TOTAL,SAS,1,2019,2020,290,227,,11,,,,,,,,,,,,,,528
Accountancy,SBA,1,2019,2020,677,665,,10,133,,,,,,,,1,,,,,1486
Accounting Tech,SBA,1,2019,2020,1,,,52,,,,,,,,,,,,,,53
BSAcctgInfoSys,SBA,1,2019,2020,2,1,,,,,,,,,,,,,,,,3
BSBA HRDM,SBA,1,2019,2020,2,2,,3,,,,,,,,,,,,,,7
BSBA-FinMgmt,SBA,1,2019,2020,36,11,,,,,,,,,,,,,,,,47
BSBA-HRMgmt,SBA,1,2019,2020,19,17,,,,,,,,,,,,,,,,36
BSBA-MktgMgmt,SBA,1,2019,2020,65,77,1,21,,,,,,,,,,,,,,164
BSBALegal,SBA,1,2019,2020,,1,,2,,,,,,,,,,,,,,3
BusMgt,SBA,1,2019,2020,188,174,2,51,,,,,,,,,,,,,,415
TOTAL,SBA,1,2019,2020,990,948,3,139,133,,,,,,,,1,,,,,2214
Architecture,SEA,1,2019,2020,243,220,3,31,267,,,,,,,,,,,,,764
BSAeronautical,SEA,1,2019,2020,524,374,,26,194,,,,,,,,,,,,,1118
CE,SEA,1,2019,2020,387,350,1,31,324,,,,,,,,,,,,,1093
Comp. Eng'g.,SEA,1,2019,2020,39,44,1,4,52,,,,,,,,,,,,,140
EE,SEA,1,2019,2020,79,62,1,8,86,,,,,,,,,,,,,236
ELECENG,SEA,1,2019,2020,60,66,1,2,91,,,,,,,,,,,,,220
IE,SEA,1,2019,2020,37,31,,4,91,,,,,,,,,,,,,163
ME,SEA,1,2019,2020,118,117,,29,191,,,,,,,,,,,,,455
TOTAL,SEA,1,2019,2020,1487,1264,7,135,1296,,,,,,,,,,,,,4189
BEEd,SED,1,2019,2020,17,12,,5,,,,,,,,,,,,,,34
BEED-SpecialEdu,SED,1,2019,2020,,,,1,,,,,,,,,,,,,,1
Biological,SED,1,2019,2020,,,,1,,,,,,,,,,,,,,1
BPEd,SED,1,2019,2020,13,14,,,,,,,,,,,,,,,,27
BSED-RelValEd,SED,1,2019,2020,10,12,,,,,,,,,,,,,,,,22
BSED-ValEd,SED,1,2019,2020,,,,1,,,,,,,,,,,,,,1
BSNEd,SED,1,2019,2020,9,13,,,,,,,,,,,,,,,,22
English-BSED,SED,1,2019,2020,39,21,,2,,,,,,,,,,,,,,62
Fil-BSED,SED,1,2019,2020,9,14,,,,,,,,,,,,,,,,23
Math,SED,1,2019,2020,3,13,,,,,,,,,,,,,,,,16
Science-BSED,SED,1,2019,2020,11,10,,,,,,,,,,,,,,,,21
SocialStud-BSED,SED,1,2019,2020,13,16,,3,,,,,,,,,,,,,,32
TOTAL,SED,1,2019,2020,124,125,,13,,,,,,,,,,,,,,262
SHS-ABM,SHS,1,2019,2020,,,,,,,,,,,,,,,,272,279,551
SHS-GenAcad,SHS,1,2019,2020,,,,,,,,,,,,,,,,204,127,331
SHS-HUMSS,SHS,1,2019,2020,,,,,,,,,,,,,,,,177,139,316
SHS-STEM,SHS,1,2019,2020,,,,,,,,,,,,,,,,654,678,1332
SHS-TVL-HE,SHS,1,2019,2020,,,,,,,,,,,,,,,,163,184,347
TOTAL,SHS,1,2019,2020,,,,,,,,,,,,,,,,1470,1407,2877
BS EventMgmt,SHTM,1,2019,2020,1,,,,,,,,,,,,,,,,,1
BSBA-HRM,SHTM,1,2019,2020,,,,1,,,,,,,,,,,,,,1
BSCulinary,SHTM,1,2019,2020,3,4,6,24,,,,,,,,,,,,,,37
BSHM-Accomm,SHTM,1,2019,2020,38,33,,,,,,,,,,,,,,,,71
BSHM-Culinary,SHTM,1,2019,2020,60,36,,1,,,,,,,,,,,,,,97
BSHM-RestFood,SHTM,1,2019,2020,44,21,,,,,,,,,,,,,,,,65
BSHRM,SHTM,1,2019,2020,5,21,46,58,,,,,,,,,,,,,,130
BSTM-DestMgmt,SHTM,1,2019,2020,11,39,,,,,,,,,,,,,,,,50
BSTM-Events,SHTM,1,2019,2020,7,12,,,,,,,,,,,,,,,,19
BSTM-Travel,SHTM,1,2019,2020,185,73,,,,,,,,,,,,,,,,258
BSTourism,SHTM,1,2019,2020,7,7,10,46,,,,,,,,,,,,,,70
TOTAL,SHTM,1,2019,2020,361,246,62,130,,,,,,,,,,,,,,799
BS MedTech,SNAMS,1,2019,2020,52,27,,9,,,,,,,,,,,,,,88
BSNursing,SNAMS,1,2019,2020,93,39,,,,,,,,,,,,,,,,132
BSRadTech,SNAMS,1,2019,2020,30,14,,1,,,,,,,,,,,,,,45
TOTAL,SNAMS,1,2019,2020,175,80,,10,,,,,,,,,,,,,,265
BSCompsci,SOC,1,2019,2020,75,57,,2,,,,,,,,,,,,,,134
BSEMC-DA,SOC,1,2019,2020,86,59,,,,,,,,,,,,,,,,145
BSITAreaAnimati,SOC,1,2019,2020,,,1,26,,,,,,,,,,,,,,27
BSITAreaNetAdmi,SOC,1,2019,2020,70,29,6,61,,,,,,,,,,,,,,166
BSITAreaWebDev,SOC,1,2019,2020,95,75,1,30,,,,,,,,,,,,,,201
BSITMultiTec,SOC,1,2019,2020,,,,1,,,,,,,,,,,,,,1
TOTAL,SOC,1,2019,2020,326,220,8,120,,,,,,,,,,,,,,674
GRAND TOTAL,HAU,1,2019,2020,3883,3184,81,577,1429,71,78,83,81,83,88,835,900,906,905,1470,1407,16061
BForensicSci,CCJEF,2,2019,2020,41,7,,,,,,,,,,,,,,,,48
Criminology,CCJEF,2,2019,2020,75,75,,2,,,,,,,,,,,,,,152
TOTAL,CCJEF,2,2019,2020,116,82,,2,,,,,,,,,,,,,,200
AssCompSci,CICT,2,2019,2020,1,,,,,,,,,,,,,,,,,1
TOTAL,CICT,2,2019,2020,1,,,,,,,,,,,,,,,,,1
BA Comm,SAS,2,2019,2020,104,116,,,,,,,,,,,,,,,,220
BSPsychology,SAS,2,2019,2020,157,125,,1,,,,,,,,,,,,,,283
TOTAL,SAS,2,2019,2020,261,241,,1,,,,,,,,,,,,,,503
Accountancy,SBA,2,2019,2020,647,664,,1,133,,,,,,,,,,,,,1445
Accounting Tech,SBA,2,2019,2020,,,,11,,,,,,,,,,,,,,11
BSAcctgInfoSys,SBA,2,2019,2020,2,1,,,,,,,,,,,,,,,,3
BSBA HRDM,SBA,2,2019,2020,,1,,2,,,,,,,,,,,,,,3
BSBA-FinMgmt,SBA,2,2019,2020,33,9,,,,,,,,,,,,,,,,42
BSBA-HRMgmt,SBA,2,2019,2020,21,16,,,,,,,,,,,,,,,,37
BSBA-MktgMgmt,SBA,2,2019,2020,66,71,,7,,,,,,,,,,,,,,144
BSBALegal,SBA,2,2019,2020,4,,,2,,,,,,,,,,,,,,6
BusMgt,SBA,2,2019,2020,179,177,,22,,,,,,,,,,,,,,378
TOTAL,SBA,2,2019,2020,952,939,,45,133,,,,,,,,,,,,,2069
Architecture,SEA,2,2019,2020,226,216,,12,294,,,,,,,,,,,,,748
BSAeronautical,SEA,2,2019,2020,492,370,,4,209,,,,,,,,,,,,,1075
CE,SEA,2,2019,2020,369,348,,5,311,,,,,,,,,,,,,1033
Comp. Eng'g.,SEA,2,2019,2020,39,41,,5,47,,,,,,,,,,,,,132
EE,SEA,2,2019,2020,71,62,,,86,,,,,,,,,,,,,219
ELECENG,SEA,2,2019,2020,56,68,,,92,,,,,,,,,,,,,216
IE,SEA,2,2019,2020,35,29,,1,77,,,,,,,,,,,,,142
ME,SEA,2,2019,2020,115,108,,17,195,,,,,,,,,,,,,435
TOTAL,SEA,2,2019,2020,1403,1242,,44,1311,,,,,,,,,,,,,4000
BEEd,SED,2,2019,2020,15,12,,4,,,,,,,,,,,,,,31
BEED-SpecialEdu,SED,2,2019,2020,,,,1,,,,,,,,,,,,,,1
Biological,SED,2,2019,2020,,,,1,,,,,,,,,,,,,,1
BPEd,SED,2,2019,2020,13,14,,,,,,,,,,,,,,,,27
BSED-RelValEd,SED,2,2019,2020,7,12,,,,,,,,,,,,,,,,19
BSNEd,SED,2,2019,2020,8,13,,,,,,,,,,,,,,,,21
English-BSED,SED,2,2019,2020,36,21,,,,,,,,,,,,,,,,57
Fil-BSED,SED,2,2019,2020,7,13,,,,,,,,,,,,,,,,20
Math,SED,2,2019,2020,1,13,,,,,,,,,,,,,,,,14
Science-BSED,SED,2,2019,2020,9,11,,,,,,,,,,,,,,,,20
SocialStud-BSED,SED,2,2019,2020,11,17,,1,,,,,,,,,,,,,,29
TOTAL,SED,2,2019,2020,107,126,,7,,,,,,,,,,,,,,240
SHS-ABM,SHS,2,2019,2020,,,,,,,,,,,,,,,,267,277,544
SHS-GenAcad,SHS,2,2019,2020,,,,,,,,,,,,,,,,203,126,329
SHS-HUMSS,SHS,2,2019,2020,,,,,,,,,,,,,,,,176,140,316
SHS-STEM,SHS,2,2019,2020,,,,,,,,,,,,,,,,652,673,1325
SHS-TVL-HE,SHS,2,2019,2020,,,,,,,,,,,,,,,,159,184,343
TOTAL,SHS,2,2019,2020,,,,,,,,,,,,,,,,1457,1400,2857
BS EventMgmt,SHTM,2,2019,2020,1,,,,,,,,,,,,,,,,,1
BSCulinary,SHTM,2,2019,2020,3,3,4,11,,,,,,,,,,,,,,21
BSHM-Accomm,SHTM,2,2019,2020,34,34,,,,,,,,,,,,,,,,68
BSHM-Culinary,SHTM,2,2019,2020,51,36,,1,,,,,,,,,,,,,,88
BSHM-RestFood,SHTM,2,2019,2020,39,22,,,,,,,,,,,,,,,,61
BSHRM,SHTM,2,2019,2020,1,11,34,49,,,,,,,,,,,,,,95
BSTM-DestMgmt,SHTM,2,2019,2020,12,23,,,,,,,,,,,,,,,,35
BSTM-Events,SHTM,2,2019,2020,8,11,,,,,,,,,,,,,,,,19
BSTM-Travel,SHTM,2,2019,2020,176,92,,,,,,,,,,,,,,,,268
BSTourism,SHTM,2,2019,2020,7,3,8,26,,,,,,,,,,,,,,44
TOTAL,SHTM,2,2019,2020,332,235,46,87,,,,,,,,,,,,,,700
BS MedTech,SNAMS,2,2019,2020,44,26,,10,,,,,,,,,,,,,,80
BSNursing,SNAMS,2,2019,2020,81,40,,,,,,,,,,,,,,,,121
BSRadTech,SNAMS,2,2019,2020,29,13,,1,,,,,,,,,,,,,,43
TOTAL,SNAMS,2,2019,2020,154,79,,11,,,,,,,,,,,,,,244
BSCompsci,SOC,2,2019,2020,75,55,,2,,,,,,,,,,,,,,132
BSEMC-DA,SOC,2,2019,2020,76,58,,,,,,,,,,,,,,,,134
BSITAreaAnimati,SOC,2,2019,2020,,,,12,,,,,,,,,,,,,,12
BSITAreaNetAdmi,SOC,2,2019,2020,66,29,,34,,,,,,,,,,,,,,129
BSITAreaWebDev,SOC,2,2019,2020,81,74,1,7,,,,,,,,,,,,,,163
TOTAL,SOC,2,2019,2020,298,216,1,55,,,,,,,,,,,,,,570
GRAND TOTAL,HAU,2,2019,2020,3624,3160,47,252,1444,,,,,,,,,,,1457,1400,11384
BForensicSci,CCJEF,1,2020,2021,34,45,,,,,,,,,,,,,,,,79
BS Criminology,CCJEF,1,2020,2021,3,,,,,,,,,,,,,,,,,3
Criminology,CCJEF,1,2020,2021,56,68,58,,,,,,,,,,,,,,,182
TOTAL,CCJEF,1,2020,2021,93,113,58,,,,,,,,,,,,,,,264
GS,GS,1,2020,2021,,,,,,39,50,69,67,65,76,,,,,,,366
TOTAL,GS,1,2020,2021,,,,,,39,50,69,67,65,76,,,,,,,366
JHS,JHS,1,2020,2021,,,,,,,,,,,,458,714,799,829,1,,2801
TOTAL,JHS,1,2020,2021,,,,,,,,,,,,458,714,799,829,1,,2801
BA Comm,SAS,1,2020,2021,68,98,85,,,,,,,,,,,,,,,251
BSPsychology,SAS,1,2020,2021,135,142,99,,,,,,,,,,,,,,,376
TOTAL,SAS,1,2020,2021,203,240,184,,,,,,,,,,,,,,,627
Accountancy,SBA,1,2020,2021,524,598,630,,,,,,,,,,,1,1,,,1754
Accounting Tech,SBA,1,2020,2021,1,,,3,,,,,,,,,,,,,,4
BSAcctgInfoSys,SBA,1,2020,2021,1,1,1,,,,,,,,,,,,,,,3
BSBA-FinMgmt,SBA,1,2020,2021,22,31,9,1,,,,,,,,,,,,,,63
BSBA-HRMgmt,SBA,1,2020,2021,9,18,16,,,,,,,,,,,,,,,43
BSBA-MktgMgmt,SBA,1,2020,2021,60,51,63,3,,,,,,,,,,,,,,177
BSBALegal,SBA,1,2020,2021,14,3,,2,,,,,,,,,,,,,,19
BSBAMgmtAcctg,SBA,1,2020,2021,,,1,,,,,,,,,,,,,,,1
BusMgt,SBA,1,2020,2021,159,170,160,6,,,,,,,,,,,,,,495
TOTAL,SBA,1,2020,2021,790,872,880,15,,,,,,,,,,1,1,,,2559
Architecture,SEA,1,2020,2021,155,198,199,3,57,,,,,,,,,,,,,612
BSAeronautical,SEA,1,2020,2021,391,436,349,,42,,,,,,,,,,,,,1218
CE,SEA,1,2020,2021,265,350,299,,68,,,,,,,,,,,,,982
Comp. Eng'g.,SEA,1,2020,2021,59,32,42,,6,,,,,,,,,,,,,139
EE,SEA,1,2020,2021,42,70,52,,17,,,,,,,,,,,,,181
ELECENG,SEA,1,2020,2021,54,58,66,,1,,,,,,,,,,,,,179
IE,SEA,1,2020,2021,34,32,28,,13,,,,,,,,,,,,,107
ME,SEA,1,2020,2021,88,99,100,,43,,,,,,,,,,,,,330
TOTAL,SEA,1,2020,2021,1088,1275,1135,3,247,,,,,,,,,,,,,3748
BEEd,SED,1,2020,2021,14,11,10,,,,,,,,,,,,,,,35
BPEd,SED,1,2020,2021,6,11,13,,,,,,,,,,,,,,,30
BSED-RelValEd,SED,1,2020,2021,3,1,11,,,,,,,,,,,,,,,15
BSNEd,SED,1,2020,2021,3,16,13,,,,,,,,,,,,,,,32
English-BSED,SED,1,2020,2021,28,25,19,,,,,,,,,,,,,,,72
Fil-BSED,SED,1,2020,2021,12,1,11,,,,,,,,,,,,,,,24
Math,SED,1,2020,2021,5,,11,,,,,,,,,,,,,,,16
Science-BSED,SED,1,2020,2021,7,17,9,,,,,,,,,,,,,,,33
SocialStud-BSED,SED,1,2020,2021,5,20,17,,,,,,,,,,,,,,,42
TOTAL,SED,1,2020,2021,83,102,114,,,,,,,,,,,,,,,299
SHS-ABM,SHS,1,2020,2021,,,,,,,,,,,,,,,,260,263,523
SHS-GenAcad,SHS,1,2020,2021,,,,,,,,,,,,,,,,103,184,287
SHS-HUMSS,SHS,1,2020,2021,,,,,,,,,,,,,,,,174,172,346
SHS-STEM,SHS,1,2020,2021,,,,,,,,,,,,,,,,743,629,1372
SHS-TVL-HE,SHS,1,2020,2021,,,,,,,,,,,,,,,,93,141,234
SHS-TVL-ICT,SHS,1,2020,2021,,,,,,,,,,,,,,,,82,,82
TOTAL,SHS,1,2020,2021,,,,,,,,,,,,,,,,1455,1389,2844
BS EventMgmt,SHTM,1,2020,2021,1,,,,,,,,,,,,,,,,,1
BSCulinary,SHTM,1,2020,2021,1,1,3,5,,,,,,,,,,,,,,10
BSHM-Accomm,SHTM,1,2020,2021,8,32,32,,,,,,,,,,,,,,,72
BSHM-Culinary,SHTM,1,2020,2021,48,44,30,,,,,,,,,,,,,,,122
BSHM-RestFood,SHTM,1,2020,2021,35,20,15,,,,,,,,,,,,,,,70
BSHRM,SHTM,1,2020,2021,1,7,13,34,,,,,,,,,,,,,,55
BSTM-DestMgmt,SHTM,1,2020,2021,7,6,38,,,,,,,,,,,,,,,51
BSTM-Events,SHTM,1,2020,2021,1,4,11,,,,,,,,,,,,,,,16
BSTM-Travel,SHTM,1,2020,2021,148,155,69,,,,,,,,,,,,,,,372
BSTourism,SHTM,1,2020,2021,1,5,3,10,,,,,,,,,,,,,,19
TOTAL,SHTM,1,2020,2021,251,274,214,49,,,,,,,,,,,,,,788
BS MedTech,SNAMS,1,2020,2021,45,38,18,,,,,,,,,,,,,,,101
BSNursing,SNAMS,1,2020,2021,97,69,36,,,,,,,,,,,,,,,202
BSRadTech,SNAMS,1,2020,2021,19,27,12,,,,,,,,,,,,,,,58
TOTAL,SNAMS,1,2020,2021,161,134,66,,,,,,,,,,,,,,,361
BSCompsci,SOC,1,2020,2021,51,68,46,,,,,,,,,,,,,,,165
BSCybersecurity,SOC,1,2020,2021,1,,,,,,,,,,,,,,,,,1
BSEMC-DA,SOC,1,2020,2021,47,68,46,,,,,,,,,,,,,,,161
BSInfoTech,SOC,1,2020,2021,1,,,,,,,,,,,,,,,,,1
BSITAreaAnimati,SOC,1,2020,2021,,,,1,,,,,,,,,,,,,,1
BSITAreaNetAdmi,SOC,1,2020,2021,38,48,21,6,,,,,,,,,,,,,,113
BSITAreaWebDev,SOC,1,2020,2021,78,72,59,,,,,,,,,,,,,,,209
TOTAL,SOC,1,2020,2021,216,256,172,7,,,,,,,,,,,,,,651
GRAND TOTAL,HAU,1,2020,2021,2885,3266,2823,74,247,39,50,69,67,65,76,458,714,800,830,1456,1389,15308
BForensicSci,CCJEF,2,2020,2021,28,44,1,,,,,,,,,,,,,,,73
BS Criminology,CCJEF,2,2020,2021,2,,,,,,,,,,,,,,,,,2
Criminology,CCJEF,2,2020,2021,45,60,59,,,,,,,,,,,,,,,164
TOTAL,CCJEF,2,2020,2021,75,104,60,,,,,,,,,,,,,,,239
BA Comm,SAS,2,2020,2021,60,84,93,,,,,,,,,,,,,,,237
BSPsychology,SAS,2,2020,2021,120,141,105,,,,,,,,,,,,,,,366
TOTAL,SAS,2,2020,2021,180,225,198,,,,,,,,,,,,,,,603
Accountancy,SBA,2,2020,2021,502,584,551,1,,,,,,,,,,,,,,1638
BSAcctgInfoSys,SBA,2,2020,2021,,1,,,,,,,,,,,,,,,,1
BSBA-FinMgmt,SBA,2,2020,2021,22,35,9,,,,,,,,,,,,,,,66
BSBA-HRMgmt,SBA,2,2020,2021,10,17,16,,,,,,,,,,,,,,,43
BSBA-MktgMgmt,SBA,2,2020,2021,60,46,62,,,,,,,,,,,,,,,168
BSBALegal,SBA,2,2020,2021,15,2,,,,,,,,,,,,,,,,17
BSIntAuditing,SBA,2,2020,2021,,,2,,,,,,,,,,,,,,,2
BSBAMgmtAcctg,SBA,2,2020,2021,2,1,72,,,,,,,,,,,,,,,75
BusMgt,SBA,2,2020,2021,150,158,160,2,,,,,,,,,,,,,,470
TOTAL,SBA,2,2020,2021,761,844,872,3,,,,,,,,,,,,,,2480
Architecture,SEA,2,2020,2021,133,194,188,,54,,,,,,,,,,,,,569
BSAeronautical,SEA,2,2020,2021,366,429,351,,18,,,,,,,,,,,,,1164
CE,SEA,2,2020,2021,240,332,294,,18,,,,,,,,,,,,,884
Comp. Eng'g.,SEA,2,2020,2021,51,29,41,,1,,,,,,,,,,,,,122
EE,SEA,2,2020,2021,35,61,53,,3,,,,,,,,,,,,,152
ELECENG,SEA,2,2020,2021,57,56,65,,1,,,,,,,,,,,,,179
IE,SEA,2,2020,2021,29,34,28,,3,,,,,,,,,,,,,94
ME,SEA,2,2020,2021,76,95,106,,30,,,,,,,,,,,,,307
TOTAL,SEA,2,2020,2021,987,1230,1126,,128,,,,,,,,,,,,,3471
BEEd,SED,2,2020,2021,10,12,10,,,,,,,,,,,,,,,32
BPEd,SED,2,2020,2021,6,11,13,,,,,,,,,,,,,,,30
BSED-RelValEd,SED,2,2020,2021,2,,12,,,,,,,,,,,,,,,14
BSNEd,SED,2,2020,2021,4,14,12,,,,,,,,,,,,,,,30
English-BSED,SED,2,2020,2021,28,25,19,,,,,,,,,,,,,,,72
Fil-BSED,SED,2,2020,2021,10,1,11,,,,,,,,,,,,,,,22
Math,SED,2,2020,2021,5,,11,,,,,,,,,,,,,,,16
Science-BSED,SED,2,2020,2021,7,14,9,,,,,,,,,,,,,,,30
SocialStud-BSED,SED,2,2020,2021,3,19,17,,,,,,,,,,,,,,,39
TOTAL,SED,2,2020,2021,75,96,114,,,,,,,,,,,,,,,285
SHS-ABM,SHS,2,2020,2021,,,,,,,,,,,,,,,,255,262,517
SHS-GenAcad,SHS,2,2020,2021,,,,,,,,,,,,,,,,95,181,276
SHS-HUMSS,SHS,2,2020,2021,,,,,,,,,,,,,,,,170,173,343
SHS-STEM,SHS,2,2020,2021,,,,,,,,,,,,,,,,729,624,1353
SHS-TVL-HE,SHS,2,2020,2021,,,,,,,,,,,,,,,,91,136,227
SHS-TVL-ICT,SHS,2,2020,2021,,,,,,,,,,,,,,,,78,,78
TOTAL,SHS,2,2020,2021,,,,,,,,,,,,,,,,1418,1376,2794
BS EventMgmt,SHTM,2,2020,2021,1,,,,,,,,,,,,,,,,,1
BSCulinary,SHTM,2,2020,2021,1,1,1,5,,,,,,,,,,,,,,8
BSHM-Accomm,SHTM,2,2020,2021,9,30,37,,,,,,,,,,,,,,,76
BSHM-Culinary,SHTM,2,2020,2021,49,40,30,,,,,,,,,,,,,,,119
BSHM-RestFood,SHTM,2,2020,2021,28,14,15,,,,,,,,,,,,,,,57
BSHRM,SHTM,2,2020,2021,1,1,10,13,,,,,,,,,,,,,,25
BSTM-DestMgmt,SHTM,2,2020,2021,3,6,37,,,,,,,,,,,,,,,46
BSTM-Events,SHTM,2,2020,2021,1,4,12,,,,,,,,,,,,,,,17
BSTM-Travel,SHTM,2,2020,2021,131,149,73,,,,,,,,,,,,,,,353
BSTourism,SHTM,2,2020,2021,1,4,2,3,,,,,,,,,,,,,,10
TOTAL,SHTM,2,2020,2021,225,249,217,21,,,,,,,,,,,,,,712
BS MedTech,SNAMS,2,2020,2021,34,37,17,,,,,,,,,,,,,,,88
BSNursing,SNAMS,2,2020,2021,82,66,36,,,,,,,,,,,,,,,184
BSRadTech,SNAMS,2,2020,2021,20,25,12,,,,,,,,,,,,,,,57
TOTAL,SNAMS,2,2020,2021,136,128,65,,,,,,,,,,,,,,,329
BSCompsci,SOC,2,2020,2021,50,65,46,,,,,,,,,,,,,,,161
BSEMC-DA,SOC,2,2020,2021,41,55,46,,,,,,,,,,,,,,,142
BSITAreaAnimati,SOC,2,2020,2021,,,,1,,,,,,,,,,,,,,1
BSITAreaNetAdmi,SOC,2,2020,2021,24,38,23,5,,,,,,,,,,,,,,90
BSITAreaWebDev,SOC,2,2020,2021,81,64,57,1,,,,,,,,,,,,,,203
TOTAL,SOC,2,2020,2021,196,222,172,7,,,,,,,,,,,,,,597
GRAND TOTAL,HAU,2,2020,2021,2635,3098,2824,31,128,,,,,,,,,,,1418,1376,11510
BForensicSci,CCJEF,1,2021,2022,22,33,41,,,,,,,,,,,,,,,96
BS Criminology,CCJEF,1,2021,2022,1,1,,,,,,,,,,,,,,,,2
Criminology,CCJEF,1,2021,2022,60,45,56,56,,,,,,,,,,,,,,217
TOTAL,CCJEF,1,2021,2022,83,79,97,56,,,,,,,,,,,,,,315
GS,GS,1,2021,2022,,,,,,,44,56,80,70,72,,,,,,,322
TOTAL,GS,1,2021,2022,,,,,,,44,56,80,70,72,,,,,,,322
JHS,JHS,1,2021,2022,,,,,,,,,,,,354,451,669,786,,,2260
TOTAL,JHS,1,2021,2022,,,,,,,,,,,,354,451,669,786,,,2260
ABPsychology,SAS,1,2021,2022,19,,,,,,,,,,,,,,,,,19
BA Comm,SAS,1,2021,2022,46,71,82,84,,,,,,,,,,,,,,283
BSPsychology,SAS,1,2021,2022,125,136,119,98,,,,,,,,,,,,,,478
TOTAL,SAS,1,2021,2022,190,207,201,182,,,,,,,,,,,,,,780
Accountancy,SBA,1,2021,2022,455,451,249,174,,,,,,,,,,,,,,1329
Accounting Tech,SBA,1,2021,2022,,,,1,,,,,,,,,,,,,,1
BSBA-FinMgmt,SBA,1,2021,2022,32,29,31,9,,,,,,,,,,,,,,101
BSBA-HRMgmt,SBA,1,2021,2022,13,9,13,16,,,,,,,,,,,,,,51
BSBA-MktgMgmt,SBA,1,2021,2022,52,63,46,58,,,,,,,,,,,,,,219
BSBALegal,SBA,1,2021,2022,36,17,1,,,,,,,,,,,,,,,54
BSIntAuditing,SBA,1,2021,2022,,,18,21,,,,,,,,,,,,,,39
BSBAMgmtAcctg,SBA,1,2021,2022,4,5,296,425,,,,,,,,,,,,,,730
BusMgt,SBA,1,2021,2022,167,155,155,155,,,,,,,,,,,,,,632
TOTAL,SBA,1,2021,2022,759,729,809,859,,,,,,,,,,,,,,3156
Architecture,SEA,1,2021,2022,237,125,187,179,18,,,,,,,,,,,,,746
BSAeronautical,SEA,1,2021,2022,346,353,416,346,3,,,,,,,,,,,,,1464
BSCE-CEM,SEA,1,2021,2022,,,,151,,,,,,,,,,,,,,151
BSCE-SE,SEA,1,2021,2022,,,,92,,,,,,,,,,,,,,92
BSCE-TE,SEA,1,2021,2022,,,,33,,,,,,,,,,,,,,33
CE,SEA,1,2021,2022,314,238,341,6,3,,,,,,,,,,,,,902
Comp. Eng'g.,SEA,1,2021,2022,78,42,36,34,,,,,,,,,,,,,,190
EE,SEA,1,2021,2022,31,36,63,51,1,,,,,,,,,,,,,182
ELECENG,SEA,1,2021,2022,30,60,56,62,,,,,,,,,,,,,,208
IE,SEA,1,2021,2022,12,30,31,29,,,,,,,,,,,,,,102
ME,SEA,1,2021,2022,114,77,105,92,4,,,,,,,,,,,,,392
TOTAL,SEA,1,2021,2022,1162,961,1235,1075,29,,,,,,,,,,,,,4462
BEEd,SED,1,2021,2022,23,12,12,10,,,,,,,,,,,,,,57
BPEd,SED,1,2021,2022,6,,11,12,,,,,,,,,,,,,,29
BSED-RelValEd,SED,1,2021,2022,2,2,1,11,,,,,,,,,,,,,,16
BSED-ValEd,SED,1,2021,2022,1,,,,,,,,,,,,,,,,,1
BSNEd,SED,1,2021,2022,6,1,13,12,,,,,,,,,,,,,,32
English-BSED,SED,1,2021,2022,11,33,24,19,,,,,,,,,,,,,,87
Fil-BSED,SED,1,2021,2022,6,13,2,10,,,,,,,,,,,,,,31
Math,SED,1,2021,2022,9,1,,11,,,,,,,,,,,,,,21
Science-BSED,SED,1,2021,2022,1,8,14,9,,,,,,,,,,,,,,32
SocialStud-BSED,SED,1,2021,2022,5,1,17,16,,,,,,,,,,,,,,39
TOTAL,SED,1,2021,2022,70,71,94,110,,,,,,,,,,,,,,345
SHS-ABM,SHS,1,2021,2022,,,,,,,,,,,,,,,,290,255,545
SHS-GenAcad,SHS,1,2021,2022,,,,,,,,,,,,,,,,52,96,148
SHS-HUMSS,SHS,1,2021,2022,,,,,,,,,,,,,,,,138,170,308
SHS-STEM,SHS,1,2021,2022,,,,,,,,,,,,,,,,714,732,1446
SHS-TVL-HE,SHS,1,2021,2022,,,,,,,,,,,,,,,,82,94,176
SHS-TVL-ICT,SHS,1,2021,2022,,,,,,,,,,,,,,,,66,80,146
TOTAL,SHS,1,2021,2022,,,,,,,,,,,,,,,,1342,1427,2769
BS EventMgmt,SHTM,1,2021,2022,,1,,,,,,,,,,,,,,,,1
BSCulinary,SHTM,1,2021,2022,1,2,1,2,,,,,,,,,,,,,,6
BSHM-Accomm,SHTM,1,2021,2022,18,18,27,32,,,,,,,,,,,,,,95
BSHM-Culinary,SHTM,1,2021,2022,49,53,42,27,,,,,,,,,,,,,,171
BSHM-RestFood,SHTM,1,2021,2022,27,26,11,14,,,,,,,,,,,,,,78
BSHRM,SHTM,1,2021,2022,1,3,4,12,,,,,,,,,,,,,,20
BSTM-DestMgmt,SHTM,1,2021,2022,5,2,7,35,,,,,,,,,,,,,,49
BSTM-Events,SHTM,1,2021,2022,4,1,5,11,,,,,,,,,,,,,,21
BSTM-Travel,SHTM,1,2021,2022,127,124,141,67,,,,,,,,,,,,,,459
BSTourism,SHTM,1,2021,2022,1,2,2,3,,,,,,,,,,,,,,8
TOTAL,SHTM,1,2021,2022,233,232,240,203,,,,,,,,,,,,,,908
BS MedTech,SNAMS,1,2021,2022,54,33,31,13,,,,,,,,,,,,,,131
BSNursing,SNAMS,1,2021,2022,170,77,59,36,,,,,,,,,,,,,,342
BSRadTech,SNAMS,1,2021,2022,36,19,22,11,,,,,,,,,,,,,,88
TOTAL,SNAMS,1,2021,2022,260,129,112,60,,,,,,,,,,,,,,561
BSCompsci,SOC,1,2021,2022,77,57,57,45,,,,,,,,,,,,,,236
BSCyberplusPSM,SOC,1,2021,2022,13,,,,,,,,,,,,,,,,,13
BSCybersecurity,SOC,1,2021,2022,4,,,,,,,,,,,,,,,,,4
BSEMC-DA,SOC,1,2021,2022,78,55,56,43,,,,,,,,,,,,,,232
BSITAreaAnimati,SOC,1,2021,2022,,,,2,,,,,,,,,,,,,,2
BSITAreaNetAdmi,SOC,1,2021,2022,58,31,39,19,,,,,,,,,,,,,,147
BSITAreaWebDev,SOC,1,2021,2022,94,76,63,51,,,,,,,,,,,,,,284
TOTAL,SOC,1,2021,2022,324,219,215,160,,,,,,,,,,,,,,918
GRAND TOTAL,HAU,1,2021,2022,3081,2627,3003,2705,29,,44,56,80,70,72,354,451,669,786,1342,1427,16796
BForensicSci,CCJEF,2,2021,2022,19,34,40,,,,,,,,,,,,,,,93
BS Criminology,CCJEF,2,2021,2022,1,1,,,,,,,,,,,,,,,,2
Criminology,CCJEF,2,2021,2022,51,47,60,53,,,,,,,,,,,,,,211
TOTAL,CCJEF,2,2021,2022,71,82,100,53,,,,,,,,,,,,,,306
ABPsychology,SAS,2,2021,2022,19,,,,,,,,,,,,,,,,,19
BA Comm,SAS,2,2021,2022,47,65,83,85,,,,,,,,,,,,,,280
BSPsychology,SAS,2,2021,2022,114,116,133,98,,,,,,,,,,,,,,461
TOTAL,SAS,2,2021,2022,180,181,216,183,,,,,,,,,,,,,,760
Accountancy,SBA,2,2021,2022,422,423,226,137,,,,,,,,,,,,,,1208
BSBA-FinMgmt,SBA,2,2021,2022,28,30,32,1,,,,,,,,,,,,,,91
BSBA-HRMgmt,SBA,2,2021,2022,11,10,12,2,,,,,,,,,,,,,,35
BSBA-MktgMgmt,SBA,2,2021,2022,46,56,46,7,,,,,,,,,,,,,,155
BSBALegal,SBA,2,2021,2022,32,19,1,,,,,,,,,,,,,,,52
BSIntAuditing,SBA,2,2021,2022,,,20,20,,,,,,,,,,,,,,40
BSBAMgmtAcctg,SBA,2,2021,2022,6,4,316,459,,,,,,,,,,,,,,785
BusMgt,SBA,2,2021,2022,155,157,150,22,,,,,,,,,,,,,,484
TOTAL,SBA,2,2021,2022,700,699,803,648,,,,,,,,,,,,,,2850
Architecture,SEA,2,2021,2022,198,125,181,177,9,,,,,,,,,,,,,690
BSAeronautical,SEA,2,2021,2022,314,350,414,343,3,,,,,,,,,,,,,1424
BSCE-CEM,SEA,2,2021,2022,,,,149,,,,,,,,,,,,,,149
BSCE-SE,SEA,2,2021,2022,,,,92,,,,,,,,,,,,,,92
BSCE-TE,SEA,2,2021,2022,,,,33,,,,,,,,,,,,,,33
CE,SEA,2,2021,2022,300,225,333,14,2,,,,,,,,,,,,,874
Comp. Eng'g.,SEA,2,2021,2022,76,41,31,36,,,,,,,,,,,,,,184
EE,SEA,2,2021,2022,31,37,61,53,1,,,,,,,,,,,,,183
ELECENG,SEA,2,2021,2022,24,59,55,61,,,,,,,,,,,,,,199
IE,SEA,2,2021,2022,7,31,30,28,,,,,,,,,,,,,,96
ME,SEA,2,2021,2022,91,78,100,96,1,,,,,,,,,,,,,366
TOTAL,SEA,2,2021,2022,1041,946,1205,1082,16,,,,,,,,,,,,,4290
BEEd,SED,2,2021,2022,29,12,11,10,,,,,,,,,,,,,,62
BPEd,SED,2,2021,2022,,,10,12,,,,,,,,,,,,,,22
BSED-RelValEd,SED,2,2021,2022,7,1,1,11,,,,,,,,,,,,,,20
BSNEd,SED,2,2021,2022,3,,14,12,,,,,,,,,,,,,,29
English-BSED,SED,2,2021,2022,12,33,23,19,,,,,,,,,,,,,,87
Fil-BSED,SED,2,2021,2022,3,13,2,10,,,,,,,,,,,,,,28
Math,SED,2,2021,2022,9,,,11,,,,,,,,,,,,,,20
Science-BSED,SED,2,2021,2022,1,9,14,9,,,,,,,,,,,,,,33
SocialStud-BSED,SED,2,2021,2022,3,1,17,16,,,,,,,,,,,,,,37
TOTAL,SED,2,2021,2022,67,69,92,110,,,,,,,,,,,,,,338
SHS-ABM,SHS,2,2021,2022,,,,,,,,,,,,,,,,287,255,542
SHS-GenAcad,SHS,2,2021,2022,,,,,,,,,,,,,,,,52,98,150
SHS-HUMSS,SHS,2,2021,2022,,,,,,,,,,,,,,,,133,169,302
SHS-STEM,SHS,2,2021,2022,,,,,,,,,,,,,,,,705,727,1432
SHS-TVL-HE,SHS,2,2021,2022,,,,,,,,,,,,,,,,80,93,173
SHS-TVL-ICT,SHS,2,2021,2022,,,,,,,,,,,,,,,,69,80,149
TOTAL,SHS,2,2021,2022,,,,,,,,,,,,,,,,1326,1422,2748
BSCulinary,SHTM,2,2021,2022,1,2,1,2,,,,,,,,,,,,,,6
BSHM-Accomm,SHTM,2,2021,2022,16,17,30,32,,,,,,,,,,,,,,95
BSHM-Culinary,SHTM,2,2021,2022,48,47,42,28,,,,,,,,,,,,,,165
BSHM-RestFood,SHTM,2,2021,2022,28,24,12,14,,,,,,,,,,,,,,78
BSHRM,SHTM,2,2021,2022,,2,2,6,1,,,,,,,,,,,,,11
BSTM-DestMgmt,SHTM,2,2021,2022,6,,6,37,,,,,,,,,,,,,,49
BSTM-Events,SHTM,2,2021,2022,4,1,4,12,,,,,,,,,,,,,,21
BSTM-Travel,SHTM,2,2021,2022,127,121,147,68,,,,,,,,,,,,,,463
BSTourism,SHTM,2,2021,2022,,1,1,1,,,,,,,,,,,,,,3
TOTAL,SHTM,2,2021,2022,230,215,245,200,1,,,,,,,,,,,,,891
BS MedTech,SNAMS,2,2021,2022,33,25,24,13,,,,,,,,,,,,,,95
BSNursing,SNAMS,2,2021,2022,169,76,59,36,,,,,,,,,,,,,,340
BSRadTech,SNAMS,2,2021,2022,33,14,25,9,,,,,,,,,,,,,,81
TOTAL,SNAMS,2,2021,2022,235,115,108,58,,,,,,,,,,,,,,516
BSCompsci,SOC,2,2021,2022,69,49,64,45,,,,,,,,,,,,,,227
BSCyberplusPSM,SOC,2,2021,2022,14,,,,,,,,,,,,,,,,,14
BSCybersecurity,SOC,2,2021,2022,4,,,,,,,,,,,,,,,,,4
BSEMC-DA,SOC,2,2021,2022,71,51,55,45,,,,,,,,,,,,,,222
BSITAreaAnimati,SOC,2,2021,2022,,,,3,,,,,,,,,,,,,,3
BSITAreaNetAdmi,SOC,2,2021,2022,48,28,40,19,,,,,,,,,,,,,,135
BSITAreaWebDev,SOC,2,2021,2022,93,69,62,57,,,,,,,,,,,,,,281
TOTAL,SOC,2,2021,2022,299,197,221,169,,,,,,,,,,,,,,886
GRAND TOTAL,HAU,2,2021,2022,2823,2504,2990,2503,17,,,,,,,,,,,1326,1422,13585
BForensicSci,CCJEF,1,2022,2023,40,17,29,41,,,,,,,,,,,,,,127
BS Criminology,CCJEF,1,2022,2023,,1,1,,,,,,,,,,,,,,,2
Criminology,CCJEF,1,2022,2023,80,51,55,57,,,,,,,,,,,,,,243
TOTAL,CCJEF,1,2022,2023,120,69,85,98,,,,,,,,,,,,,,372
GS,GS,1,2022,2023,,,,,,,,55,68,94,91,,,,,,,308
TOTAL,GS,1,2022,2023,,,,,,,,55,68,94,91,,,,,,,308
JHS,JHS,1,2022,2023,,,,,,,,,,,,414,386,498,685,,,1983
TOTAL,JHS,1,2022,2023,,,,,,,,,,,,414,386,498,685,,,1983
ABPsychology,SAS,1,2022,2023,41,19,,,,,,,,,,,,,,,,60
BA Comm,SAS,1,2022,2023,46,60,72,79,,,,,,,,,,,,,,257
BSPsychology,SAS,1,2022,2023,98,111,137,119,,,,,,,,,,,,,,465
TOTAL,SAS,1,2022,2023,185,190,209,198,,,,,,,,,,,,,,782
Accountancy,SBA,1,2022,2023,422,383,396,221,,,,,,,,1,,,,,,1423
BSBA-FinMgmt,SBA,1,2022,2023,37,28,32,31,,,,,,,,,,,,,,128
BSBA-HRMgmt,SBA,1,2022,2023,7,13,9,12,,,,,,,,,,,,,,41
BSBA-MktgMgmt,SBA,1,2022,2023,62,56,54,45,,,,,,,,,,,,,,217
BSBALegal,SBA,1,2022,2023,37,34,19,,,,,,,,,,,,,,,90
BSIntAuditing,SBA,1,2022,2023,1,,,21,,,,,,,,,,,,,,22
BSBAMgmtAcctg,SBA,1,2022,2023,19,6,25,327,,,,,,,,,,,,,,377
BusMgt,SBA,1,2022,2023,163,164,141,146,,,,,,,,,,,,,,614
TOTAL,SBA,1,2022,2023,748,684,676,803,,,,,,,,1,,,,,,2912
Architecture,SEA,1,2022,2023,202,168,130,185,169,,,,,,,,,,,,,854
BSAeronautical,SEA,1,2022,2023,318,308,349,424,,,,,,,,,,,,,,1399
BSCE-CEM,SEA,1,2022,2023,,,,178,,,,,,,,,,,,,,178
BSCE-SE,SEA,1,2022,2023,,,,122,,,,,,,,,,,,,,122
BSCE-TE,SEA,1,2022,2023,,,,57,,,,,,,,,,,,,,57
CE,SEA,1,2022,2023,285,301,230,6,,,,,,,,,,,,,,822
Comp. Eng'g.,SEA,1,2022,2023,94,73,38,38,,,,,,,,,,,,,,243
EE,SEA,1,2022,2023,42,29,37,63,,,,,,,,,,,,,,171
ELECENG,SEA,1,2022,2023,40,25,58,59,,,,,,,,,,,,,,182
IE,SEA,1,2022,2023,35,11,30,32,1,,,,,,,,,,,,,109
ME,SEA,1,2022,2023,91,90,75,105,,,,,,,,,,,,,,361
TOTAL,SEA,1,2022,2023,1107,1005,947,1269,170,,,,,,,,,,,,,4498
BEEd,SED,1,2022,2023,17,28,15,7,,,,,,,,,,,,,,67
BPEd,SED,1,2022,2023,3,,1,8,,,,,,,,,,,,,,12
BSED-RelValEd,SED,1,2022,2023,3,11,,1,,,,,,,,,,,,,,15
BSNEd,SED,1,2022,2023,6,,2,12,,,,,,,,,,,,,,20
English-BSED,SED,1,2022,2023,25,13,32,22,,,,,,,,,,,,,,92
Fil-BSED,SED,1,2022,2023,7,,11,2,,,,,,,,,,,,,,20
Math,SED,1,2022,2023,3,9,,,,,,,,,,,,,,,,12
Science-BSED,SED,1,2022,2023,6,,9,14,,,,,,,,,,,,,,29
SocialStud-BSED,SED,1,2022,2023,5,,,18,,,,,,,,,,,,,,23
TOTAL,SED,1,2022,2023,75,61,70,84,,,,,,,,,,,,,,290
SHS-ABM,SHS,1,2022,2023,,,,,,,,,,,,,,,,270,286,556
SHS-GenAcad,SHS,1,2022,2023,,,,,,,,,,,,,,,,34,56,90
SHS-HUMSS,SHS,1,2022,2023,,,,,,,,,,,,,,,,177,147,324
SHS-STEM,SHS,1,2022,2023,,,,,,,,,,,,,,,,798,710,1508
SHS-TVL-HE,SHS,1,2022,2023,1,,,,,,,,,,,,,,,63,75,139
SHS-TVL-ICT,SHS,1,2022,2023,,,,,,,,,,,,,,,,106,72,178
TOTAL,SHS,1,2022,2023,1,,,,,,,,,,,,,,,1448,1346,2795
BSCulinary,SHTM,1,2022,2023,,,2,1,,,,,,,,,,,,,,3
BSHM-Accomm,SHTM,1,2022,2023,10,17,19,29,,,,,,,,,,,,,,75
BSHM-Culinary,SHTM,1,2022,2023,93,49,48,44,,,,,,,,,,,,,,234
BSHM-RestFood,SHTM,1,2022,2023,36,28,21,13,,,,,,,,,,,,,,98
BSHRM,SHTM,1,2022,2023,,,2,6,,,,,,,,,,,,,,8
BSInterGastro,SHTM,1,2022,2023,3,,,,,,,,,,,,,,,,,3
BSTM-DestMgmt,SHTM,1,2022,2023,11,3,1,5,,,,,,,,,,,,,,20
BSTM-Events,SHTM,1,2022,2023,5,4,,5,,,,,,,,,,,,,,14
BSTM-Travel,SHTM,1,2022,2023,121,126,113,145,,,,,,,,,,,,,,505
BSTourism,SHTM,1,2022,2023,,1,,2,,,,,,,,,,,,,,3
TOTAL,SHTM,1,2022,2023,279,228,206,250,,,,,,,,,,,,,,963
BS MedTech,SNAMS,1,2022,2023,100,26,21,22,,,,,,,,,,,,,,169
BSNursing,SNAMS,1,2022,2023,198,152,73,54,,,,,,,,,,,,,,477
BSRadTech,SNAMS,1,2022,2023,28,29,12,24,,,,,,,,,,,,,,93
TOTAL,SNAMS,1,2022,2023,326,207,106,100,,,,,,,,,,,,,,739
BSCompsci,SOC,1,2022,2023,109,60,55,57,,,,,,,,,,,,,,281
BSCyberplusPSM,SOC,1,2022,2023,12,16,,,,,,,,,,,,,,,,28
BSCybersecurity,SOC,1,2022,2023,17,7,,,,,,,,,,,,,,,,24
BSEMC-DA,SOC,1,2022,2023,73,76,46,56,,,,,,,,,,,,,,251
BSITAreaAnimati,SOC,1,2022,2023,,,,1,,,,,,,,,,,,,,1
BSITAreaNetAdmi,SOC,1,2022,2023,46,28,28,38,,,,,,,,,,,,,,140
BSITAreaWebDev,SOC,1,2022,2023,102,95,71,64,,,,,,,,,,,,,,332
TOTAL,SOC,1,2022,2023,359,282,200,216,,,,,,,,,,,,,,1057
GRAND TOTAL,HAU,1,2022,2023,3200,2726,2499,3018,170,,,55,68,94,91,415,386,498,685,1448,1346,16699
BForensicSci,CCJEF,2,2022,2023,36,19,29,41,,,,,,,,,,,,,,125
Criminology,CCJEF,2,2022,2023,73,55,52,58,,,,,,,,,,,,,,238
TOTAL,CCJEF,2,2022,2023,109,74,81,99,,,,,,,,,,,,,,363
HAUSPELLSP,HAUSPELL,2,2022,2023,1,,,,,,,,,,,,,,,,,1
TOTAL,HAUSPELL,2,2022,2023,1,,,,,,,,,,,,,,,,,1
ABComm,SAS,2,2022,2023,1,,,,,,,,,,,,,,,,,1
ABPsychology,SAS,2,2022,2023,33,20,,,,,,,,,,,,,,,,53
BA Comm,SAS,2,2022,2023,48,64,69,77,,,,,,,,,,,,,,258
BSPsychology,SAS,2,2022,2023,80,112,128,121,,,,,,,,,,,,,,441
TOTAL,SAS,2,2022,2023,162,196,197,198,,,,,,,,,,,,,,753
Accountancy,SBA,2,2022,2023,392,369,394,217,,,,,,,,,,,,,,1372
BSBA-FinMgmt,SBA,2,2022,2023,33,26,28,2,,,,,,,,,,,,,,89
BSBA-HRMgmt,SBA,2,2022,2023,9,10,9,1,,,,,,,,,,,,,,29
BSBA-MktgMgmt,SBA,2,2022,2023,59,51,52,5,,,,,,,,,,,,,,167
BSBALegal,SBA,2,2022,2023,31,30,19,,,,,,,,,,,,,,,80
BSIntAuditing,SBA,2,2022,2023,1,,,21,,,,,,,,,,,,,,22
BSBAMgmtAcctg,SBA,2,2022,2023,16,7,24,326,,,,,,,,,,,,,,373
BusMgt,SBA,2,2022,2023,152,149,142,36,,,,,,,,,,,,,,479
TOTAL,SBA,2,2022,2023,693,642,668,608,,,,,,,,,,,,,,2611
Architecture,SEA,2,2022,2023,183,168,130,185,169,,,,,,,,,,,,,835
BSAeronautical,SEA,2,2022,2023,302,292,348,413,1,,,,,,,,,,,,,1356
BSCE-CEM,SEA,2,2022,2023,,,,171,,,,,,,,,,,,,,171
BSCE-SE,SEA,2,2022,2023,,,,119,,,,,,,,,,,,,,119
BSCE-TE,SEA,2,2022,2023,,,,50,,,,,,,,,,,,,,50
CE,SEA,2,2022,2023,262,287,228,10,,,,,,,,,,,,,,787
Comp. Eng'g.,SEA,2,2022,2023,85,71,40,36,,,,,,,,,,,,,,232
ECE,SEA,2,2022,2023,1,,,,,,,,,,,,,,,,,1
EE,SEA,2,2022,2023,39,24,34,61,,,,,,,,,,,,,,158
ELECENG,SEA,2,2022,2023,37,24,57,57,,,,,,,,,,,,,,175
IE,SEA,2,2022,2023,33,9,31,33,,,,,,,,,,,,,,106
ME,SEA,2,2022,2023,84,85,73,105,,,,,,,,,,,,,,347
TOTAL,SEA,2,2022,2023,1026,960,941,1240,170,,,,,,,,,,,,,4337
BEEd,SED,2,2022,2023,15,28,14,7,,,,,,,,,,,,,,64
BPEd,SED,2,2022,2023,3,,,7,,,,,,,,,,,,,,10
BSED-RelValEd,SED,2,2022,2023,3,9,,1,,,,,,,,,,,,,,13
BSNEd,SED,2,2022,2023,5,,1,12,,,,,,,,,,,,,,18
English-BSED,SED,2,2022,2023,21,13,32,22,,,,,,,,,,,,,,88
Fil-BSED,SED,2,2022,2023,7,1,11,2,,,,,,,,,,,,,,21
Math,SED,2,2022,2023,4,8,,,,,,,,,,,,,,,,12
Science-BSED,SED,2,2022,2023,5,,9,13,,,,,,,,,,,,,,27
SocialStud-BSED,SED,2,2022,2023,4,,,18,,,,,,,,,,,,,,22
TOTAL,SED,2,2022,2023,67,59,67,82,,,,,,,,,,,,,,275
SHS-ABM,SHS,2,2022,2023,,,,,,,,,,,,,,,,268,283,551
SHS-GenAcad,SHS,2,2022,2023,,,,,,,,,,,,,,,,34,53,87
SHS-HUMSS,SHS,2,2022,2023,,,,,,,,,,,,,,,,178,141,319
SHS-STEM,SHS,2,2022,2023,,,,,,,,,,,,,,,,783,711,1494
SHS-TVL-HE,SHS,2,2022,2023,,,,,,,,,,,,,,,,61,72,133
SHS-TVL-ICT,SHS,2,2022,2023,,,,,,,,,,,,,,,,107,70,177
TOTAL,SHS,2,2022,2023,,,,,,,,,,,,,,,,1431,1330,2761
BSCulinary,SHTM,2,2022,2023,,,,1,,,,,,,,,,,,,,1
BSHM-Accomm,SHTM,2,2022,2023,9,20,18,25,,,,,,,,,,,,,,72
BSHM-Culinary,SHTM,2,2022,2023,94,50,49,40,,,,,,,,,,,,,,233
BSHM-RestFood,SHTM,2,2022,2023,32,25,22,13,,,,,,,,,,,,,,92
BSHRM,SHTM,2,2022,2023,1,,1,5,,,,,,,,,,,,,,7
BSInterGastro,SHTM,2,2022,2023,2,,,,,,,,,,,,,,,,,2
BSTM-DestMgmt,SHTM,2,2022,2023,6,2,,4,,,,,,,,,,,,,,12
BSTM-Events,SHTM,2,2022,2023,5,4,,4,,,,,,,,,,,,,,13
BSTM-Travel,SHTM,2,2022,2023,118,123,116,142,,,,,,,,,,,,,,499
BSTourism,SHTM,2,2022,2023,,1,,1,,,,,,,,,,,,,,2
TOTAL,SHTM,2,2022,2023,267,225,206,235,,,,,,,,,,,,,,933
BS MedTech,SNAMS,2,2022,2023,85,26,17,22,,,,,,,,,,,,,,150
BSNursing,SNAMS,2,2022,2023,185,142,76,54,,,,,,,,,,,,,,457
BSRadTech,SNAMS,2,2022,2023,27,27,13,22,,,,,,,,,,,,,,89
TOTAL,SNAMS,2,2022,2023,297,195,106,98,,,,,,,,,,,,,,696
BSCompsci,SOC,2,2022,2023,101,56,53,60,,,,,,,,,,,,,,270
BSCyberplusPSM,SOC,2,2022,2023,11,14,,,,,,,,,,,,,,,,25
BSCybersecurity,SOC,2,2022,2023,17,8,,,,,,,,,,,,,,,,25
BSEMC-DA,SOC,2,2022,2023,64,70,46,55,,,,,,,,,,,,,,235
BSITAreaNetAdmi,SOC,2,2022,2023,41,24,26,38,,,,,,,,,,,,,,129
BSITAreaWebDev,SOC,2,2022,2023,90,93,67,64,,,,,,,,,,,,,,314
TOTAL,SOC,2,2022,2023,324,265,192,217,,,,,,,,,,,,,,998
GRAND TOTAL,HAU,2,2022,2023,2946,2616,2458,2777,170,,,,,,,,,,,1431,1330,13728
BForensicSci,CCJEF,1,2023,2024,58,37,17,27,,,,,,,,,,,,,,139
Criminology,CCJEF,1,2023,2024,49,72,51,49,,,,,,,,,,,,,,221
TOTAL,CCJEF,1,2023,2024,107,109,68,76,,,,,,,,,,,,,,360
GS,GS,1,2023,2024,,,,,,,,,68,77,91,,,,,,,236
TOTAL,GS,1,2023,2024,,,,,,,,,68,77,91,,,,,,,236
JHS,JHS,1,2023,2024,,,,,,,,,,,,399,429,415,542,,,1785
TOTAL,JHS,1,2023,2024,,,,,,,,,,,,399,429,415,542,,,1785
ABPsychology,SAS,1,2023,2024,39,33,18,,,,,,,,,,,,,,,90
BA Comm,SAS,1,2023,2024,74,49,53,66,,,,,,,,,,,,,,242
BSPsychology,SAS,1,2023,2024,87,85,99,129,,,,,,,,,,,,,,400
TOTAL,SAS,1,2023,2024,200,167,170,195,,,,,,,,,,,,,,732
Accountancy,SBA,1,2023,2024,343,363,359,14,,,,,,,,,,,,,,1079
BSBA-FinMgmt,SBA,1,2023,2024,23,37,20,27,,,,,,,,,,,,,,107
BSBA-HRMgmt,SBA,1,2023,2024,12,12,11,6,,,,,,,,,,,,,,41
BSBA-MktgMgmt,SBA,1,2023,2024,82,56,62,44,,,,,,,,,,,,,,244
BSBALegal,SBA,1,2023,2024,32,32,28,17,,,,,,,,,,,,,,109
BSIntAuditing,SBA,1,2023,2024,2,1,,2,,,,,,,,,,,,,,5
BSBAMgmtAcctg,SBA,1,2023,2024,58,25,15,398,,,,,,,,,,,,,,496
BusMgt,SBA,1,2023,2024,122,151,152,132,,,,,,,,,,,,,,557
TOTAL,SBA,1,2023,2024,674,677,647,640,,,,,,,,,,,,,,2638
Architecture,SEA,1,2023,2024,163,178,160,130,187,,,,,,,,,,,,,818
BSAeronautical,SEA,1,2023,2024,266,287,289,389,,,,,,,,,,,,,,1231
BSCE-CEM,SEA,1,2023,2024,,,,119,,,,,,,,,,,,,,119
BSCE-SE,SEA,1,2023,2024,,,,70,,,,,,,,,,,,,,70
BSCE-TE,SEA,1,2023,2024,1,,,49,,,,,,,,,,,,,,50
CE,SEA,1,2023,2024,179,266,274,19,,,,,,,,,,,,,,738
Comp. Eng'g.,SEA,1,2023,2024,103,85,63,39,,,,,,,,,,,,,,290
EE,SEA,1,2023,2024,22,31,23,47,,,,,,,,,,,,,,123
ELECENG,SEA,1,2023,2024,22,39,29,53,,,,,,,,,,,,,,143
IE,SEA,1,2023,2024,80,32,11,31,,,,,,,,,,,,,,154
ME,SEA,1,2023,2024,81,80,81,76,,,,,,,,,,,,,,318
TOTAL,SEA,1,2023,2024,917,998,930,1022,187,,,,,,,,,,,,,4054
BEEd,SED,1,2023,2024,11,23,26,14,,,,,,,,,,,,,,74
BPEd,SED,1,2023,2024,2,,,1,,,,,,,,,,,,,,3
BSED-RelValEd,SED,1,2023,2024,,,9,,,,,,,,,,,,,,,9
BSNEd,SED,1,2023,2024,2,19,,1,,,,,,,,,,,,,,22
English-BSED,SED,1,2023,2024,20,19,13,30,,,,,,,,,,,,,,82
Fil-BSED,SED,1,2023,2024,,,1,10,,,,,,,,,,,,,,11
Math,SED,1,2023,2024,1,1,6,,,,,,,,,,,,,,,8
Science-BSED,SED,1,2023,2024,3,,,9,,,,,,,,,,,,,,12
SocialStud-BSED,SED,1,2023,2024,5,2,,1,,,,,,,,,,,,,,8
TOTAL,SED,1,2023,2024,44,64,55,66,,,,,,,,,,,,,,229
SHS-ABM,SHS,1,2023,2024,,,,,,,,,,,,,,,,191,263,454
SHS-GenAcad,SHS,1,2023,2024,,,,,,,,,,,,,,,,68,32,100
SHS-HUMSS,SHS,1,2023,2024,,,,,,,,,,,,,,,,204,176,380
SHS-STEM,SHS,1,2023,2024,,,,,,,,,,,,,,,,609,779,1388
SHS-TVL-HE,SHS,1,2023,2024,,,,,,,,,,,,,,,,82,64,146
SHS-TVL-ICT,SHS,1,2023,2024,,,,,,,,,,,,,,,,113,102,215
TOTAL,SHS,1,2023,2024,,,,,,,,,,,,,,,,1267,1416,2683
BSCulinary,SHTM,1,2023,2024,1,,1,,,,,,,,,,,,,,,2
BSHM-Accomm,SHTM,1,2023,2024,12,6,22,19,,,,,,,,,,,,,,59
BSHM-Culinary,SHTM,1,2023,2024,62,75,46,51,,,,,,,,,,,,,,234
BSHM-RestFood,SHTM,1,2023,2024,33,27,20,24,,,,,,,,,,,,,,104
BSHRM,SHTM,1,2023,2024,1,1,,,,,,,,,,,,,,,,2
BSInterGastro,SHTM,1,2023,2024,24,3,,,,,,,,,,,,,,,,27
BSTM-DestMgmt,SHTM,1,2023,2024,4,7,2,1,,,,,,,,,,,,,,14
BSTM-Events,SHTM,1,2023,2024,1,4,2,,,,,,,,,,,,,,,7
BSTM-Travel,SHTM,1,2023,2024,150,114,122,119,,,,,,,,,,,,,,505
BSTourism,SHTM,1,2023,2024,,,1,,,,,,,,,,,,,,,1
TOTAL,SHTM,1,2023,2024,288,237,216,214,,,,,,,,,,,,,,955
BS MedTech,SNAMS,1,2023,2024,87,65,26,13,,,,,,,,,,,,,,191
BSNursing,SNAMS,1,2023,2024,83,177,129,76,,,,,,,,,,,,,,465
BSRadTech,SNAMS,1,2023,2024,27,25,23,13,,,,,,,,,,,,,,88
TOTAL,SNAMS,1,2023,2024,197,267,178,102,,,,,,,,,,,,,,744
BSCompsci,SOC,1,2023,2024,166,97,61,58,,,,,,,,,,,,,,382
BSCyberplusPSM,SOC,1,2023,2024,10,7,11,,,,,,,,,,,,,,,28
BSCybersecurity,SOC,1,2023,2024,15,22,8,,,,,,,,,,,,,,,45
BSEMC-DA,SOC,1,2023,2024,91,71,70,44,,,,,,,,,,,,,,276
BSITAreaNetAdmi,SOC,1,2023,2024,45,31,25,32,,,,,,,,,,,,,,133
BSITAreaWebDev,SOC,1,2023,2024,145,95,93,66,,,,,,,,,,,,,,399
TOTAL,SOC,1,2023,2024,472,323,268,200,,,,,,,,,,,,,,1263
GRAND TOTAL,HAU,1,2023,2024,2899,2842,2532,2515,187,,,,68,77,91,399,429,415,542,1267,1416,15679
BForensicSci,CCJEF,2,2023,2024,58,32,18,26,,,,,,,,,,,,,,134
Criminology,CCJEF,2,2023,2024,39,73,45,55,,,,,,,,,,,,,,212
TOTAL,CCJEF,2,2023,2024,97,105,63,81,,,,,,,,,,,,,,346
ABPsychology,SAS,2,2023,2024,25,34,19,,,,,,,,,,,,,,,78
BA Comm,SAS,2,2023,2024,70,46,54,67,,,,,,,,,,,,,,237
BSPsychology,SAS,2,2023,2024,92,90,100,129,,,,,,,,,,,,,,411
TOTAL,SAS,2,2023,2024,187,170,173,196,,,,,,,,,,,,,,726
Accountancy,SBA,2,2023,2024,326,344,356,111,,,,,,,,,,,,,,1137
BSBA-FinMgmt,SBA,2,2023,2024,21,35,21,,,,,,,,,,,,,,,77
BSBA-HRMgmt,SBA,2,2023,2024,11,7,11,2,,,,,,,,,,,,,,31
BSBA-MktgMgmt,SBA,2,2023,2024,77,56,61,6,,,,,,,,,,,,,,200
BSBALegal,SBA,2,2023,2024,30,31,25,5,,,,,,,,,,,,,,91
BSIntAuditing,SBA,2,2023,2024,2,1,,1,,,,,,,,,,,,,,4
BSBAMgmtAcctg,SBA,2,2023,2024,56,26,18,19,,,,,,,,,,,,,,119
BusMgt,SBA,2,2023,2024,116,145,141,23,,,,,,,,,,,,,,425
BussMgmt-HRM,SBA,2,2023,2024,,1,,,,,,,,,,,,,,,,1
TOTAL,SBA,2,2023,2024,639,646,633,167,,,,,,,,,,,,,,2085
Architecture,SEA,2,2023,2024,126,177,157,126,196,,,,,,,,,,,,,782
BSAeronautical,SEA,2,2023,2024,244,272,279,367,,,,,,,,,,,,,,1162
BSCE-CEM,SEA,2,2023,2024,,,,116,,,,,,,,,,,,,,116
BSCE-SE,SEA,2,2023,2024,,,,67,,,,,,,,,,,,,,67
BSCE-TE,SEA,2,2023,2024,,,,52,,,,,,,,,,,,,,52
CE,SEA,2,2023,2024,166,250,273,16,,,,,,,,,,,,,,705
Comp. Eng'g.,SEA,2,2023,2024,92,72,66,36,,,,,,,,,,,,,,266
EE,SEA,2,2023,2024,21,31,23,43,,,,,,,,,,,,,,118
ELECENG,SEA,2,2023,2024,19,37,28,53,,,,,,,,,,,,,,137
IE,SEA,2,2023,2024,64,38,10,34,,,,,,,,,,,,,,146
ME,SEA,2,2023,2024,72,83,79,75,,,,,,,,,,,,,,309
TOTAL,SEA,2,2023,2024,804,960,915,985,196,,,,,,,,,,,,,3860
BEEd,SED,2,2023,2024,10,24,27,13,,,,,,,,,,,,,,74
BPEd,SED,2,2023,2024,2,,,1,,,,,,,,,,,,,,3
BSED-RelValEd,SED,2,2023,2024,,,9,,,,,,,,,,,,,,,9
BSNEd,SED,2,2023,2024,1,19,,1,,,,,,,,,,,,,,21
English-BSED,SED,2,2023,2024,15,18,13,31,,,,,,,,,,,,,,77
Fil-BSED,SED,2,2023,2024,,,,11,,,,,,,,,,,,,,11
Math,SED,2,2023,2024,1,1,6,,,,,,,,,,,,,,,8
Science-BSED,SED,2,2023,2024,2,,,9,,,,,,,,,,,,,,11
SocialStud-BSED,SED,2,2023,2024,5,,,1,,,,,,,,,,,,,,6
TOTAL,SED,2,2023,2024,36,62,55,67,,,,,,,,,,,,,,220
SHS-ABM,SHS,2,2023,2024,,,,,,,,,,,,,,,,185,263,448
SHS-GenAcad,SHS,2,2023,2024,,,,,,,,,,,,,,,,67,30,97
SHS-HUMSS,SHS,2,2023,2024,,,,,,,,,,,,,,,,201,171,372
SHS-STEM,SHS,2,2023,2024,,,,,,,,,,,,,,,,600,777,1377
SHS-TVL-HE,SHS,2,2023,2024,,,,,,,,,,,,,,,,76,63,139
SHS-TVL-ICT,SHS,2,2023,2024,,,,,,,,,,,,,,,,110,101,211
TOTAL,SHS,2,2023,2024,,,,,,,,,,,,,,,,1239,1405,2644
BSCulinary,SHTM,2,2023,2024,1,,1,,,,,,,,,,,,,,,2
BSHM-Accomm,SHTM,2,2023,2024,10,4,20,18,,,,,,,,,,,,,,52
BSHM-Culinary,SHTM,2,2023,2024,58,76,50,50,,,,,,,,,,,,,,234
BSHM-RestFood,SHTM,2,2023,2024,28,27,20,22,,,,,,,,,,,,,,97
BSHRM,SHTM,2,2023,2024,,1,,1,,,,,,,,,,,,,,2
BSInterGastro,SHTM,2,2023,2024,22,,,,,,,,,,,,,,,,,22
BSTM-DestMgmt,SHTM,2,2023,2024,4,4,2,,,,,,,,,,,,,,,10
BSTM-Events,SHTM,2,2023,2024,,2,1,,,,,,,,,,,,,,,3
BSTM-Travel,SHTM,2,2023,2024,143,107,123,115,,,,,,,,,,,,,,488
BSTourism,SHTM,2,2023,2024,,,1,,,,,,,,,,,,,,,1
TOTAL,SHTM,2,2023,2024,266,221,218,206,,,,,,,,,,,,,,911
BS MedTech,SNAMS,2,2023,2024,74,47,23,12,,,,,,,,,,,,,,156
BSNursing,SNAMS,2,2023,2024,75,169,122,77,,,,,,,,,,,,,,443
BSRadTech,SNAMS,2,2023,2024,25,24,22,13,,,,,,,,,,,,,,84
TOTAL,SNAMS,2,2023,2024,174,240,167,102,,,,,,,,,,,,,,683
BSCompsci,SOC,2,2023,2024,158,94,58,51,,,,,,,,,,,,,,361
BSCyberplusPSM,SOC,2,2023,2024,11,6,11,,,,,,,,,,,,,,,28
BSCybersecurity,SOC,2,2023,2024,18,21,8,,,,,,,,,,,,,,,47
BSEMC-DA,SOC,2,2023,2024,93,69,63,48,,,,,,,,,,,,,,273
BSITAreaNetAdmi,SOC,2,2023,2024,26,31,24,28,,,,,,,,,,,,,,109
BSITAreaWebDev,SOC,2,2023,2024,152,97,89,69,,,,,,,,,,,,,,407
TOTAL,SOC,2,2023,2024,458,318,253,196,,,,,,,,,,,,,,1225
GRAND TOTAL,HAU,2,2023,2024,2661,2722,2477,2000,196,,,,,,,,,,,1239,1405,12700
BForensicSci,CCJEF,1,2024,2025,41,52,34,19,,,,,,,,,,,,,,146
BS Criminology,CCJEF,1,2024,2025,,1,,,,,,,,,,,,,,,,1
Criminology,CCJEF,1,2024,2025,46,38,70,43,,,,,,,,,,1,,,,198
TOTAL,CCJEF,1,2024,2025,87,91,104,62,,,,,,,,,,1,,,,345
GS,GS,1,2024,2025,,,,,,,,,,66,74,,,,,,,140
TOTAL,GS,1,2024,2025,,,,,,,,,,66,74,,,,,,,140
JHS,JHS,1,2024,2025,,,,,,,,,,,,375,396,440,427,,,1638
TOTAL,JHS,1,2024,2025,,,,,,,,,,,,375,396,440,427,,,1638
MSPsychology,MA,1,2024,2025,3,,,,,,,,,,,,,,,,,3
TOTAL,MA,1,2024,2025,3,,,,,,,,,,,,,,,,,3
ABPsychology,SAS,1,2024,2025,42,29,30,,,,,,,,,,,,,,,101
BA Comm,SAS,1,2024,2025,53,77,39,52,,,,,,,,,,,,,,221
BSPsychology,SAS,1,2024,2025,112,82,80,5,,,,,,,,,,,,,,279
TOTAL,SAS,1,2024,2025,207,188,149,57,,,,,,,,,,,,,,601
Accountancy,SBA,1,2024,2025,353,297,341,364,103,,,,,,,,,,,,,1458
BSAviationMgmt,SBA,1,2024,2025,27,1,,,,,,,,,,,,,,,,28
BSBA-FinMgmt,SBA,1,2024,2025,20,24,35,20,,,,,,,,,,,,,,99
BSBA-HRMgmt,SBA,1,2024,2025,4,12,8,9,,,,,,,,,,,,,,33
BSBA-MktgMgmt,SBA,1,2024,2025,41,77,58,56,,,,,,,,,,,,,,232
BSBALegal,SBA,1,2024,2025,19,30,25,27,,,,,,,,,,,,,,101
BSIntAuditing,SBA,1,2024,2025,,2,1,,,,,,,,,,,,,,,3
BSBAMgmtAcctg,SBA,1,2024,2025,5,49,29,18,,,,,,,,,,,,,,101
BusMgt,SBA,1,2024,2025,100,111,141,132,,,,,,,,,,,,,,484
BussMgmt-HRM,SBA,1,2024,2025,,1,,,,,,,,,,,,,,,,1
TOTAL,SBA,1,2024,2025,569,604,638,626,103,,,,,,,,,,,,,2540
Architecture,SEA,1,2024,2025,153,135,175,149,143,,,,,,,,,,,,,755
BSAeronautical,SEA,1,2024,2025,306,222,267,343,,,,,,,,,,,,,,1138
BSCE-CEM,SEA,1,2024,2025,,,,150,,,,,,,,,,,,,,150
BSCE-SE,SEA,1,2024,2025,,,,83,,,,,,,,,,,,,,83
BSCE-TE,SEA,1,2024,2025,,,,55,,,,,,,,,,,,,,55
CE,SEA,1,2024,2025,222,168,245,7,,,,,,,,,,,,,,642
Comp. Eng'g.,SEA,1,2024,2025,65,87,81,52,,,,,,,,,,,,,,285
EE,SEA,1,2024,2025,28,24,29,23,,,,,,,,,,,,,,104
ELECENG,SEA,1,2024,2025,30,23,33,28,,,,,,,,,,,,,,114
IE,SEA,1,2024,2025,28,67,34,18,,,,,,,,,,,,,,147
ME,SEA,1,2024,2025,78,84,89,59,,,,,,,,,,,,,,310
TOTAL,SEA,1,2024,2025,910,810,953,967,143,,,,,,,,,,,,,3783
BEEd,SED,1,2024,2025,9,17,21,24,,,,,,,,,,,,,,71
BPEd,SED,1,2024,2025,8,,,,,,,,,,,,,,,,,8
BSED-RelValEd,SED,1,2024,2025,1,,,9,,,,,,,,,,,,,,10
BSNEd,SED,1,2024,2025,8,1,18,,,,,,,,,,,,,,,27
English-BSED,SED,1,2024,2025,17,14,16,14,,,,,,,,,,,,,,61
Math,SED,1,2024,2025,3,,1,6,,,,,,,,,,,,,,10
Science-BSED,SED,1,2024,2025,6,,,2,,,,,,,,,,,,,,8
SocialStud-BSED,SED,1,2024,2025,5,,,,,,,,,,,,,,,,,5
TOTAL,SED,1,2024,2025,57,32,56,55,,,,,,,,,,,,,,200
SHS-ABM,SHS,1,2024,2025,,,,,,,,,,,,,,,,192,178,370
SHS-GenAcad,SHS,1,2024,2025,,,,,,,,,,,,,,,,,66,66
SHS-HUMSS,SHS,1,2024,2025,,,,,,,,,,,,,,,,148,190,338
SHS-STEM,SHS,1,2024,2025,,,,,,,,,,,,,,,,648,590,1238
SHS-TVL-HE,SHS,1,2024,2025,,,,,,,,,,,,,,,,42,71,113
SHS-TVL-ICT,SHS,1,2024,2025,,,,,,,,,,,,,,,,73,107,180
TOTAL,SHS,1,2024,2025,,,,,,,,,,,,,,,,1103,1202,2305
BSCulinary,SHTM,1,2024,2025,,,,1,,,,,,,,,,,,,,1
BSHM-Accomm,SHTM,1,2024,2025,16,11,5,20,,,,,,,,,,,,,,52
BSHM-Culinary,SHTM,1,2024,2025,61,56,75,52,,,,,,,,,,,,,,244
BSHM-RestFood,SHTM,1,2024,2025,24,27,24,19,,,,,,,,,,,,,,94
BSInterGastro,SHTM,1,2024,2025,19,20,,,,,,,,,,,,,,,,39
BSTM-DestMgmt,SHTM,1,2024,2025,,4,,1,,,,,,,,,,,,,,5
BSTM-Events,SHTM,1,2024,2025,1,,,,,,,,,,,,,,,,,1
BSTM-Travel,SHTM,1,2024,2025,140,141,102,125,,,,,,,,,,,,,,508
BSTourism,SHTM,1,2024,2025,,,,1,,,,,,,,,,,,,,1
TOTAL,SHTM,1,2024,2025,261,259,206,219,,,,,,,,,,,,,,945
BS MedTech,SNAMS,1,2024,2025,102,61,44,17,,,,,,,,,,,,,,224
BSNursing,SNAMS,1,2024,2025,100,85,133,121,,,,,,,,,,,,,,439
BSRadTech,SNAMS,1,2024,2025,100,30,23,19,,,,,,,,,,,,,,172
TOTAL,SNAMS,1,2024,2025,302,176,200,157,,,,,,,,,,,,,,835
BSCompsci,SOC,1,2024,2025,101,144,90,59,,,,,,,,,,,,,,394
BSCyberplusPSM,SOC,1,2024,2025,17,10,4,,,,,,,,,,,,,,,31
BSCybersecurity,SOC,1,2024,2025,45,29,21,17,,,,,,,,,,,,,,112
BSEMC-DA,SOC,1,2024,2025,104,96,67,64,,,,,,,,,,,,,,331
BSITAreaNetAdmi,SOC,1,2024,2025,35,19,27,25,,,,,,,,,,,,,,106
BSITAreaWebDev,SOC,1,2024,2025,160,145,85,97,,,,,,,,,,,,,,487
TOTAL,SOC,1,2024,2025,462,443,294,262,,,,,,,,,,,,,,1461
GRAND TOTAL,HAU,1,2024,2025,2858,2603,2600,2405,246,0,0,0,0,66,74,375,396,441,427,1103,1202,14796
